Age,Gender,Current Weight (lbs),BMR (Calories),Daily Calories Consumed,Daily Caloric Surplus/Deficit,Weight Change (lbs),Duration (weeks),Physical Activity Level,Sleep Quality,Stress Level,Final Weight (lbs),Daily_Weight_Change
29,M,116.0,1448.8,1273.6,-465.0,-6.51,7,Sedentary,Good,7,109.5,-0.1328621688632776
65,M,176.2,1541.5,2006.7,156.9,1.569,5,Sedentary,Poor,5,177.7,0.04482052202341089
37,M,199.0,1785.2,1711.0,-431.2,-10.348,12,Sedentary,Excellent,7,188.7,-0.12319508139490341
32,F,135.1,1354.5,2417.1,80.5,1.611,10,Very Active,Good,7,136.8,0.023008568410312624
37,M,159.2,1604.8,3273.1,785.7,6.285,4,Moderately Active,Good,9,165.5,0.22447379257334174
65,M,214.7,1716.4,3053.7,393.3,7.079,9,Moderately Active,Excellent,7,221.8,0.11236791425344823
26,F,164.6,1518.2,2337.2,515.4,9.277,9,Sedentary,Fair,7,173.9,0.14725360808307908
26,F,172.9,1555.8,1881.4,14.5,0.29,10,Sedentary,Excellent,5,173.2,0.004140353309108637
46,F,179.9,1487.3,2092.4,47.4,0.853,9,Lightly Active,Good,7,180.7,0.013545114555913836
57,F,101.7,1077.9,1200.0,-93.4,-1.495,8,Sedentary,Excellent,9,100.2,-0.026697322546430705
29,M,130.9,1516.4,2567.8,-47.9,-1.055,11,Very Active,Fair,1,129.9,-0.013699859995523834
18,F,176.4,1611.6,3205.7,425.7,6.811,8,Very Active,Excellent,7,183.2,0.1216297767036836
35,F,229.2,1766.2,3493.6,446.9,9.832,11,Very Active,Poor,12,239.1,0.12768187288310168
23,M,187.7,1803.9,2536.4,56.0,1.344,12,Lightly Active,Good,5,189.1,0.015999972554753446
18,M,172.8,1761.2,2532.0,110.4,1.546,7,Lightly Active,Excellent,6,174.3,0.03154284703385656
37,M,177.4,1687.4,2659.9,339.7,6.115,9,Lightly Active,Good,10,183.6,0.097060903750551
54,F,158.0,1348.1,2938.2,848.7,18.672,11,Moderately Active,Good,2,176.6,0.24249387252695032
26,F,212.4,1734.8,1638.3,-747.0,-17.928,12,Lightly Active,Fair,10,194.4,-0.2134266826442754
35,M,168.7,1657.5,2528.9,-40.2,-0.563,7,Moderately Active,Good,8,168.1,-0.011497085126811725
32,M,168.2,1670.4,2260.9,-328.3,-3.283,5,Moderately Active,Good,7,164.9,-0.09379137864424021
40,F,168.4,1465.4,2496.6,-31.1,-0.311,5,Very Active,Poor,6,168.1,-0.008896003794321846
20,F,167.9,1563.1,3003.7,580.8,9.293,8,Moderately Active,Excellent,7,177.2,0.16595140933451616
47,M,209.6,1783.4,2154.8,14.8,0.237,8,Sedentary,Fair,4,209.9,0.004225180618148053
21,F,171.5,1574.5,1494.6,-394.9,-3.159,4,Sedentary,Fair,3,168.4,-0.11282704360194339
26,F,154.5,1472.3,2903.6,363.8,5.822,8,Very Active,Good,4,160.3,0.10395614105103518
60,F,164.6,1348.1,2722.4,396.9,9.526,12,Very Active,Excellent,8,174.1,0.11340840612911207
26,M,186.2,1781.9,2817.2,367.1,6.608,9,Lightly Active,Fair,7,192.8,0.10489161005501059
46,M,238.6,1919.8,2484.8,-826.8,-8.268,5,Very Active,Excellent,3,230.3,-0.236230217006407
32,F,165.4,1491.8,2503.5,191.2,4.589,12,Moderately Active,Good,4,170.0,0.05462679927740958
21,F,165.3,1546.4,3535.6,868.1,10.417,6,Very Active,Fair,3,175.7,0.24803120223514127
23,M,244.1,2059.8,3364.3,171.6,2.402,7,Moderately Active,Fair,4,246.5,0.04901868491453453
46,F,189.7,1532.0,2434.5,60.0,1.319,11,Moderately Active,Poor,7,191.0,0.01712892087308046
21,F,181.9,1621.8,1607.7,-338.4,-2.707,4,Sedentary,Good,7,179.2,-0.09669015365594487
53,M,202.3,1720.1,2242.5,-724.7,-5.798,4,Very Active,Good,8,196.5,-0.20705844797973494
32,F,176.3,1541.2,1993.3,143.9,1.439,5,Sedentary,Good,8,177.8,0.04110118860042816
19,F,175.9,1604.3,2091.6,-114.3,-1.372,6,Lightly Active,Poor,1,174.5,-0.03265865058623565
51,F,176.5,1447.3,2619.5,123.0,1.722,7,Very Active,Excellent,6,178.3,0.03514251403047352
48,M,200.8,1738.3,2598.5,512.6,10.252,10,Sedentary,Poor,5,211.0,0.14645101141535205
54,M,211.3,1756.0,2300.8,193.7,1.937,5,Sedentary,Excellent,5,213.2,0.055333167013253325
43,F,216.8,1670.0,2708.8,120.2,1.202,5,Moderately Active,Good,3,218.0,0.03435342981276556
45,F,187.3,1526.2,2063.6,-569.2,-11.383,10,Very Active,Good,1,176.0,-0.16261946534282262
34,F,140.4,1368.5,2706.3,824.7,8.247,5,Lightly Active,Poor,12,148.7,0.23562616355495655
18,M,181.8,1802.4,1263.3,-899.6,-7.197,4,Sedentary,Excellent,4,174.7,-0.257019851727896
24,F,165.9,1534.0,2054.8,-591.4,-8.279,7,Very Active,Poor,5,157.6,-0.16896705007726606
58,M,170.1,1549.2,1557.7,-301.3,-6.026,10,Sedentary,Fair,8,164.1,-0.08608377914595881
53,M,241.3,1897.2,2222.7,-718.0,-17.231,12,Moderately Active,Poor,6,224.1,-0.2051299720457421
58,F,134.4,1221.3,1676.2,-430.6,-3.445,4,Very Active,Excellent,5,131.0,-0.12303443972814428
33,F,200.2,1644.7,1610.9,-650.5,-15.612,12,Lightly Active,Good,2,184.6,-0.18585901619296652
18,M,178.8,1788.7,1978.5,-168.0,-2.015,6,Sedentary,Excellent,5,176.8,-0.0479872611153615
41,F,193.2,1572.6,1781.3,-105.9,-1.059,5,Sedentary,Good,3,192.1,-0.030262411999893563
34,M,104.6,1372.2,2198.1,551.5,13.237,12,Sedentary,Fair,10,117.9,0.1575814140575782
33,F,161.2,1467.8,1288.5,-729.7,-10.216,7,Lightly Active,Fair,5,151.0,-0.2084900229924711
42,F,175.0,1485.4,1615.1,-687.3,-15.121,11,Moderately Active,Fair,3,159.9,-0.1963715638007399
21,M,205.1,1892.9,1598.8,-672.7,-6.727,5,Sedentary,Excellent,10,198.4,-0.19219872951310163
36,M,213.5,1856.0,3581.1,379.5,6.831,9,Very Active,Excellent,9,220.3,0.10842112634853726
49,F,188.6,1512.0,3002.8,394.6,9.472,12,Very Active,Fair,9,198.1,0.1127565998326684
56,M,158.0,1504.2,1826.9,21.8,0.218,5,Sedentary,Good,6,158.2,0.006240260855963178
25,F,183.5,1609.0,1848.1,-364.2,-8.741,12,Lightly Active,Good,6,174.8,-0.1040633104644716
36,M,195.8,1775.5,2014.9,-426.4,-7.675,9,Lightly Active,Good,5,188.1,-0.12182222653833313
18,M,186.7,1824.3,2959.1,450.7,3.605,4,Lightly Active,Excellent,7,190.3,0.1287636432119819
40,F,207.9,1644.4,2366.4,-182.4,-3.283,9,Moderately Active,Good,7,204.6,-0.05210437008010857
41,M,175.2,1657.2,1713.5,-565.1,-11.302,10,Lightly Active,Excellent,7,163.9,-0.16145751631900293
28,F,165.5,1512.4,1200.0,-614.9,-7.379,6,Sedentary,Excellent,9,158.2,-0.17568632171392742
27,M,208.1,1876.3,2968.8,388.9,4.666,6,Lightly Active,Excellent,2,212.7,0.11110179181156841
36,M,135.8,1503.3,2927.0,859.9,6.879,4,Lightly Active,Fair,6,142.6,0.24567223037496932
42,M,229.2,1897.3,3339.6,66.8,1.202,9,Very Active,Poor,6,230.4,0.019078104072633453
20,M,178.9,1779.0,2963.5,-105.3,-1.264,6,Very Active,Good,9,177.6,-0.030087162030930422
48,M,200.8,1738.5,1952.8,-741.9,-13.355,9,Moderately Active,Poor,3,187.5,-0.21198248087229982
41,M,187.5,1712.9,2182.4,-772.4,-7.724,5,Very Active,Poor,6,179.8,-0.2206927729946522
47,M,201.5,1746.3,1984.6,-111.0,-2.443,11,Sedentary,Fair,7,199.0,-0.03172186085192405
45,F,174.4,1467.5,2166.3,148.5,2.079,7,Lightly Active,Excellent,5,176.5,0.04243691838434383
58,F,153.9,1309.6,2726.2,467.2,4.672,5,Very Active,Fair,8,158.6,0.13347481046108636
51,M,221.6,1817.5,3038.8,539.8,12.955,12,Lightly Active,Fair,6,234.5,0.15423058017601046
32,M,172.5,1689.9,1200.0,-827.8,-9.934,6,Sedentary,Fair,12,162.5,-0.23652717693220426
41,M,213.5,1830.9,1636.3,-560.7,-10.093,9,Sedentary,Poor,3,203.4,-0.1602109300396533
32,F,198.4,1641.5,2615.8,646.0,10.335,8,Sedentary,Excellent,6,208.8,0.1845579503137028
35,M,194.6,1775.0,1895.9,-855.3,-20.528,12,Moderately Active,Good,3,174.0,-0.24438431408555705
61,F,96.5,1034.4,2291.7,869.3,15.648,9,Lightly Active,Fair,7,112.2,0.2483784833093681
54,F,148.1,1303.4,1484.2,-79.9,-1.278,8,Sedentary,Poor,10,146.9,-0.022820312204426953
18,F,125.2,1379.3,2373.9,477.4,5.729,6,Lightly Active,Good,12,130.9,0.1363980347187338
40,F,184.2,1537.2,2334.4,-48.3,-0.58,6,Moderately Active,Fair,4,183.7,-0.013811968328852346
23,F,194.1,1667.0,2884.2,300.2,4.804,8,Moderately Active,Good,6,198.9,0.08578387537667784
20,M,192.9,1842.5,2898.6,42.7,0.768,9,Moderately Active,Poor,4,193.7,0.01218989376911577
51,M,169.4,1580.8,2878.5,428.2,9.421,11,Moderately Active,Good,8,178.8,0.1223488115981315
30,F,175.1,1545.7,1200.0,-654.8,-11.786,9,Sedentary,Excellent,8,163.3,-0.1870856546295005
37,M,203.8,1807.1,3007.1,-110.1,-1.542,7,Very Active,Good,1,202.3,-0.03146963817173842
55,M,172.6,1575.5,1200.0,-690.6,-6.906,5,Sedentary,Poor,9,165.7,-0.19732527929472365
28,M,180.1,1744.4,2734.0,30.3,0.605,10,Moderately Active,Poor,9,180.7,0.008648102789636401
43,M,167.0,1610.1,1802.0,-693.6,-5.549,4,Moderately Active,Excellent,7,161.5,-0.1981813733334487
58,M,237.0,1852.7,2089.2,-782.5,-18.779,12,Moderately Active,Poor,7,218.3,-0.22356168962968162
23,M,200.6,1862.5,3085.5,850.5,8.505,5,Sedentary,Poor,5,209.1,0.24299485962093267
23,F,166.1,1539.7,2723.1,67.0,1.609,12,Very Active,Fair,3,167.7,0.0191517408670118
18,F,172.1,1592.1,3199.3,731.6,17.558,12,Moderately Active,Poor,8,189.7,0.20901839336159433
41,M,171.7,1641.2,2641.3,97.5,2.144,11,Moderately Active,Poor,5,173.8,0.027846336246809707
25,F,151.6,1464.2,2149.3,135.9,2.175,8,Lightly Active,Poor,4,153.8,0.03884147289621946
30,F,153.6,1448.3,2151.9,-346.5,-5.544,8,Very Active,Good,2,148.1,-0.0989971463768118
48,M,218.3,1817.5,3334.9,835.8,8.358,5,Lightly Active,Good,4,226.6,0.23880459990691152
24,F,108.5,1273.6,1480.6,-716.4,-10.029,7,Very Active,Excellent,2,98.5,-0.20467711067983757
40,M,151.6,1555.3,3036.3,625.6,12.511,10,Moderately Active,Excellent,2,164.1,0.17873333837209976
30,M,196.6,1809.2,3076.6,-44.2,-0.354,4,Very Active,Poor,9,196.2,-0.012631221409492485
59,F,147.6,1276.1,1466.9,-511.1,-10.221,10,Moderately Active,Poor,7,137.4,-0.14601579474374135
46,F,187.2,1520.6,3086.7,463.8,10.203,11,Very Active,Excellent,7,197.4,0.13250319630227256
56,F,164.6,1368.2,2828.2,707.5,14.15,10,Moderately Active,Good,3,178.8,0.20213860886200277
46,F,226.0,1696.5,2821.8,192.3,4.615,12,Moderately Active,Excellent,4,230.6,0.05493965457359121
18,F,160.5,1539.4,3083.9,697.8,6.978,5,Moderately Active,Poor,3,167.5,0.1993713868861991
29,M,164.9,1670.5,2754.3,-127.3,-2.037,8,Very Active,Poor,6,162.9,-0.03637382554132208
35,M,145.1,1550.9,1636.3,-496.1,-9.922,10,Lightly Active,Fair,7,135.2,-0.14174499512251
46,F,135.8,1287.3,1646.2,-349.1,-2.793,4,Moderately Active,Excellent,6,133.0,-0.09975535418771019
27,M,207.9,1875.3,2237.4,-341.2,-2.729,4,Lightly Active,Excellent,5,205.1,-0.09747743493476044
34,M,189.3,1756.0,2716.9,-312.2,-3.747,6,Very Active,Good,10,185.5,-0.08920800296919983
35,F,160.6,1454.9,2878.4,368.6,5.161,7,Very Active,Poor,2,165.7,0.10532390504730978
61,M,173.1,1547.8,1995.4,-132.9,-1.329,5,Lightly Active,Good,1,171.8,-0.037966955043679716
18,M,204.2,1903.5,2301.9,-315.4,-5.047,8,Lightly Active,Poor,4,199.1,-0.09011630151385128
18,M,107.7,1466.2,2152.0,-120.7,-1.689,7,Moderately Active,Excellent,7,106.1,-0.03447659690380403
57,M,223.4,1796.0,2509.7,40.2,0.402,5,Lightly Active,Excellent,5,223.8,0.011475613121925042
46,M,149.2,1514.1,2778.8,696.9,6.969,5,Lightly Active,Fair,1,156.1,0.19911794411783246
29,F,188.5,1611.6,2062.8,128.9,1.289,5,Sedentary,Poor,6,189.8,0.036837819210292375
32,M,210.9,1864.0,3360.2,797.2,9.567,6,Lightly Active,Poor,12,220.4,0.22777839617185003
43,F,177.7,1492.7,2761.2,186.2,2.979,8,Very Active,Poor,5,180.7,0.053196997855780345
58,F,126.3,1184.3,2574.2,738.6,11.818,8,Moderately Active,Fair,4,138.1,0.2110330653094496
32,F,128.4,1324.0,2118.6,-165.3,-3.637,11,Very Active,Good,6,124.8,-0.047238525936494365
30,M,210.0,1869.9,3599.2,700.9,12.616,9,Moderately Active,Excellent,7,222.6,0.20026088064779898
37,M,185.8,1725.1,2546.6,-127.3,-1.782,7,Moderately Active,Fair,7,184.0,-0.03636115918197811
33,F,153.4,1432.2,2797.5,828.2,13.251,8,Lightly Active,Excellent,5,166.6,0.23662628224426727
35,M,166.6,1648.2,2111.1,-732.0,-16.105,11,Very Active,Good,10,150.5,-0.20915565670357616
18,F,97.2,1252.6,2536.0,594.5,4.756,4,Moderately Active,Excellent,1,102.0,0.169855086013472
27,F,124.3,1330.5,1200.0,-629.5,-10.072,8,Lightly Active,Fair,5,114.3,-0.17985089602329493
58,M,151.4,1464.3,2775.9,506.3,12.15,12,Moderately Active,Fair,3,163.6,0.14464412471077762
30,F,183.0,1581.5,2082.9,-91.6,-1.466,8,Lightly Active,Good,7,181.5,-0.02618097977414904
53,M,184.3,1638.7,1892.6,-73.8,-1.771,12,Sedentary,Good,5,182.6,-0.02108023497074438
48,F,184.2,1497.2,1992.1,-590.5,-14.172,12,Very Active,Fair,10,170.1,-0.16871975780789294
39,M,146.3,1535.9,1761.6,-81.5,-1.467,9,Sedentary,Good,8,144.8,-0.0232861184839835
41,M,179.2,1675.3,1683.0,-620.5,-9.928,8,Lightly Active,Excellent,6,169.3,-0.1772803010173137
18,F,104.5,1285.7,2261.3,718.5,8.621,6,Sedentary,Poor,4,113.2,0.205271553070319
37,F,177.8,1522.9,1857.1,29.6,0.652,11,Sedentary,Poor,7,178.4,0.008464482243009375
40,M,164.2,1612.2,3378.3,879.3,14.069,8,Moderately Active,Poor,12,178.3,0.2512281673951363
42,F,179.1,1503.7,1764.7,-39.7,-0.397,5,Sedentary,Excellent,9,178.7,-0.011347720885492565
51,F,175.6,1443.0,1851.5,-637.7,-10.203,8,Very Active,Excellent,4,165.4,-0.1822010737859253
28,F,148.0,1432.7,1712.8,-758.7,-10.621,7,Very Active,Poor,9,137.4,-0.21676173348449043
40,M,183.9,1701.5,2556.2,-81.1,-1.621,10,Moderately Active,Fair,8,182.2,-0.023159641998012896
51,F,168.1,1409.0,2434.8,744.1,10.417,7,Sedentary,Good,6,178.5,0.21258673808306483
27,F,145.6,1427.1,1825.1,-137.2,-1.646,6,Lightly Active,Excellent,6,144.0,-0.039193475042185455
45,M,205.5,1774.5,2490.8,-570.3,-12.547,11,Very Active,Fair,12,192.9,-0.16294349222017757
19,M,95.3,1404.9,1200.0,-485.9,-10.69,11,Sedentary,Excellent,5,84.6,-0.13883487232471628
28,M,212.5,1891.3,3377.6,115.1,1.612,7,Very Active,Poor,7,214.1,0.032894631616769275
51,M,210.3,1766.3,2808.1,688.6,11.017,8,Sedentary,Good,10,221.3,0.19673738115471107
26,F,154.9,1473.9,1200.0,-568.7,-9.099,8,Sedentary,Poor,10,145.8,-0.16247993662992655
37,F,199.6,1622.0,2428.8,482.5,9.649,10,Sedentary,Fair,4,209.3,0.13784420409338866
57,M,233.1,1839.8,3510.5,658.8,13.176,10,Moderately Active,Fair,10,246.3,0.18823485634990356
24,F,190.9,1647.2,1827.6,-437.4,-3.499,4,Lightly Active,Fair,9,187.4,-0.12495847126659893
47,F,164.1,1410.9,1563.2,-129.9,-3.118,12,Sedentary,Poor,6,161.0,-0.037121059664231716
30,M,200.8,1828.2,1862.6,-651.2,-14.326,11,Lightly Active,Excellent,1,186.5,-0.18605650719048936
49,F,156.7,1367.2,2619.1,500.0,5.0,5,Moderately Active,Good,6,161.7,0.14285286748544435
27,M,191.6,1801.5,3074.4,597.3,11.946,10,Lightly Active,Excellent,9,203.5,0.17065183216531504
28,M,199.2,1831.0,2386.6,-451.4,-4.514,5,Moderately Active,Poor,9,194.7,-0.12898266016152124
26,M,134.1,1545.8,2480.5,625.6,12.511,10,Sedentary,Excellent,7,146.6,0.1787303304612334
54,M,181.8,1622.1,3471.7,673.6,14.819,11,Very Active,Poor,3,196.6,0.19245152101743615
25,F,166.5,1531.9,1208.7,-629.5,-10.073,8,Sedentary,Poor,7,156.5,-0.17986622384319975
34,F,119.3,1272.8,1200.0,-772.8,-10.819,7,Moderately Active,Good,10,108.5,-0.22079213036568107
56,M,174.2,1577.5,2800.4,631.4,6.314,5,Lightly Active,Good,5,180.5,0.18038595583778286
19,F,166.0,1559.6,2242.0,370.5,4.446,6,Sedentary,Poor,6,170.5,0.10585133984392411
30,F,194.8,1635.1,2712.3,464.1,10.209,11,Lightly Active,Poor,5,205.0,0.13258712515084697
23,M,172.2,1733.4,3376.9,386.8,5.415,7,Very Active,Good,5,177.6,0.11051005174039008
41,M,143.2,1512.1,1200.0,-614.5,-12.291,10,Sedentary,Fair,8,130.9,-0.17557861441078948
44,M,210.7,1803.2,2392.5,-86.9,-1.39,8,Lightly Active,Poor,6,209.3,-0.024818401910534055
40,F,163.6,1443.8,3081.1,590.6,10.631,9,Very Active,Poor,7,174.3,0.168744237523152
54,F,96.8,1070.8,1807.6,147.8,2.07,7,Moderately Active,Poor,6,98.9,0.04224019236960781
26,F,170.0,1542.4,2625.0,-35.7,-0.642,9,Very Active,Poor,5,169.3,-0.010197131937191054
18,F,112.5,1321.8,2747.0,698.2,8.379,6,Moderately Active,Poor,5,120.9,0.19948951362592016
27,F,110.3,1266.8,1200.0,-320.1,-5.762,9,Sedentary,Excellent,7,104.5,-0.091466076187905
54,F,186.1,1475.6,1440.9,-846.3,-6.77,4,Moderately Active,Good,8,179.3,-0.24179000189082295
50,F,171.5,1429.3,2403.5,188.0,1.88,5,Moderately Active,Poor,4,173.4,0.053709347890412186
27,M,169.7,1702.1,3056.0,715.6,7.156,5,Lightly Active,Fair,6,176.8,0.2044636454720369
28,M,179.9,1743.5,2753.1,50.7,1.116,11,Moderately Active,Excellent,6,181.0,0.014491334743769974
18,M,240.3,2067.5,1770.4,-710.6,-11.37,8,Sedentary,Good,7,228.9,-0.2030399270410143
54,F,129.6,1219.3,1822.3,359.1,3.591,5,Sedentary,Poor,9,133.2,0.10259025023711962
56,F,154.9,1324.2,2445.6,161.4,1.291,4,Very Active,Fair,5,156.2,0.04610560709148415
34,F,217.5,1717.9,1536.6,-524.9,-6.299,6,Sedentary,Good,7,211.2,-0.14997275824719683
50,M,230.7,1863.9,3664.5,775.5,9.306,6,Moderately Active,Good,7,240.0,0.22157476695102052
42,F,220.0,1689.5,2556.9,529.5,7.413,7,Sedentary,Poor,5,227.4,0.15129330833432128
26,M,233.7,1997.4,2762.8,-682.7,-15.02,11,Very Active,Fair,8,218.7,-0.1950693653148975
51,M,219.3,1807.1,2154.6,-13.9,-0.222,8,Sedentary,Good,9,219.0,-0.003971056511394116
25,M,205.3,1873.5,2755.6,507.3,8.117,8,Sedentary,Poor,8,213.4,0.1449541070473854
44,M,126.8,1422.6,2437.3,481.3,9.625,10,Lightly Active,Poor,5,136.4,0.13750657209228237
33,F,195.5,1623.2,1304.7,-643.2,-10.29,8,Sedentary,Fair,7,185.2,-0.18375817583155524
51,F,146.5,1310.8,1636.2,63.3,1.013,8,Sedentary,Excellent,8,147.5,0.018083407534706372
25,M,207.6,1884.0,2358.8,98.1,1.569,8,Sedentary,Good,10,209.1,0.02801967475816803
42,M,198.7,1758.6,2004.1,-414.1,-6.625,8,Lightly Active,Good,4,192.0,-0.11830834101892944
46,M,192.3,1710.0,2110.5,58.5,0.937,8,Sedentary,Poor,8,193.3,0.01672464101605978
22,F,180.3,1609.3,2670.6,739.4,7.394,5,Sedentary,Fair,9,187.7,0.21126167450386935
47,F,175.2,1461.1,1879.3,-129.7,-1.557,6,Lightly Active,Fair,9,173.6,-0.03706970623493641
38,M,176.4,1677.7,2209.7,-97.2,-2.139,11,Lightly Active,Fair,8,174.3,-0.027774847478484323
25,M,219.2,1936.7,2650.3,-12.7,-0.127,5,Lightly Active,Good,6,219.1,-0.003619269845406312
53,M,159.1,1524.1,2718.7,89.7,1.794,10,Very Active,Fair,5,160.9,0.02562476709434499
18,M,134.5,1587.6,1710.7,-194.4,-4.666,12,Sedentary,Excellent,6,129.8,-0.055552153702754174
47,F,183.7,1499.5,3073.7,749.4,11.991,8,Moderately Active,Poor,9,195.6,0.21411627489201615
39,M,181.1,1693.8,1888.6,-440.3,-3.522,4,Lightly Active,Fair,12,177.5,-0.1257980403791285
62,M,162.1,1492.8,3256.3,681.2,14.987,11,Very Active,Fair,9,177.1,0.19464067240764676
33,M,201.2,1814.9,2485.9,-327.2,-2.618,4,Moderately Active,Fair,4,198.5,-0.09348802474515118
31,M,211.3,1871.1,2459.4,-440.9,-10.581,12,Moderately Active,Good,8,200.8,-0.12596571984537072
35,F,126.8,1301.4,2719.5,702.3,16.855,12,Moderately Active,Poor,3,143.6,0.20065478037431506
59,F,155.7,1313.0,2326.8,62.0,1.363,11,Very Active,Poor,8,157.1,0.01770535971353872
55,M,205.3,1723.6,1847.6,-522.3,-11.491,11,Lightly Active,Poor,3,193.8,-0.14923370721161752
43,F,133.7,1293.0,2070.1,-160.3,-2.885,9,Very Active,Fair,6,130.8,-0.04578804290215651
44,F,141.7,1324.3,2003.0,413.9,4.139,5,Sedentary,Poor,5,145.8,0.1182528963704708
26,M,175.8,1734.7,2138.3,56.7,0.453,4,Sedentary,Excellent,7,176.2,0.0161947962552249
25,M,95.3,1374.7,1514.6,-375.6,-5.258,7,Lightly Active,Excellent,1,90.0,-0.10730123748137878
22,F,178.4,1600.8,3549.2,787.8,11.03,7,Very Active,Fair,7,189.4,0.2250947967636101
27,M,194.0,1812.3,3164.5,38.4,0.614,8,Very Active,Good,9,194.6,0.010969329734219433
41,M,200.9,1773.5,3838.5,779.1,7.791,5,Very Active,Excellent,7,208.6,0.22260236975273553
45,F,156.0,1384.1,1613.6,-774.0,-10.836,7,Very Active,Fair,7,145.2,-0.2211402281545292
19,M,161.7,1705.8,1715.5,-331.4,-6.629,10,Sedentary,Excellent,8,155.0,-0.09469697449048739
32,F,111.5,1247.1,2263.4,766.8,18.403,12,Sedentary,Excellent,5,129.9,0.2190886353110062
18,M,118.6,1515.4,3216.2,867.2,6.938,4,Moderately Active,Fair,4,125.5,0.24778553879487533
30,F,185.4,1592.3,2786.8,318.7,7.011,11,Moderately Active,Poor,3,192.4,0.09105439534463039
18,M,111.0,1480.9,2291.5,-3.9,-0.086,11,Moderately Active,Excellent,5,110.9,-0.0011121309549457041
38,F,151.8,1400.3,1291.3,-389.0,-4.668,6,Sedentary,Fair,2,147.2,-0.11114294154177677
58,M,145.0,1435.2,2631.8,658.4,10.535,8,Lightly Active,Poor,6,155.5,0.18812431803416801
38,M,190.7,1742.4,1979.6,-721.1,-17.306,12,Moderately Active,Good,2,173.4,-0.20601932889361135
32,M,204.8,1836.3,3283.3,437.1,7.868,9,Moderately Active,Poor,8,212.6,0.1248846127482145
33,M,229.1,1941.6,3366.5,357.1,7.141,10,Moderately Active,Fair,1,236.2,0.10201471530439384
41,F,221.4,1700.8,2730.2,391.6,8.615,11,Lightly Active,Excellent,2,230.0,0.11188095853178129
27,M,238.7,2015.1,2255.5,-162.7,-1.627,5,Sedentary,Fair,12,237.1,-0.04648798837672257
54,F,176.8,1433.6,3124.8,651.9,15.645,12,Very Active,Fair,6,192.5,0.1862511570410531
20,M,195.4,1853.7,3048.6,824.2,16.483,10,Sedentary,Excellent,6,211.9,0.23547554952588312
62,M,200.4,1666.5,2802.4,511.0,12.264,12,Lightly Active,Good,12,212.7,0.1459964889759684
29,M,203.9,1847.3,3621.1,434.5,4.345,5,Very Active,Fair,5,208.2,0.12415626327558273
57,F,163.4,1357.7,1399.7,-467.1,-6.54,7,Lightly Active,Poor,10,156.9,-0.13346883642771412
58,F,161.3,1343.1,2306.4,694.7,11.115,8,Sedentary,Excellent,11,172.4,0.19848535337123804
41,M,205.9,1796.3,2341.2,-757.4,-13.634,9,Very Active,Fair,3,192.2,-0.21641306022531392
29,M,211.5,1881.8,1872.2,-386.0,-7.719,10,Sedentary,Excellent,6,203.8,-0.11027168405863358
44,M,138.7,1476.5,2735.7,188.7,1.887,5,Very Active,Good,1,140.6,0.053921179286630705
18,F,104.4,1285.2,2496.6,504.5,9.082,9,Moderately Active,Fair,7,113.5,0.14415359687474283
36,M,178.7,1698.1,2362.0,27.0,0.27,5,Lightly Active,Excellent,2,179.0,0.0077249778987882435
42,F,193.5,1569.1,2036.0,-670.7,-6.707,5,Very Active,Fair,1,186.8,-0.19162940261589093
41,M,197.6,1758.8,2720.3,-5.7,-0.126,11,Moderately Active,Poor,2,197.5,-0.0016386622981718964
20,M,185.8,1810.3,1881.8,-607.4,-10.933,9,Lightly Active,Poor,4,174.9,-0.1735450809944751
29,M,121.9,1475.6,1200.0,-570.8,-12.557,11,Sedentary,Fair,7,109.4,-0.16307313748612848
39,F,187.1,1555.1,1200.0,-666.2,-5.329,4,Sedentary,Excellent,1,181.8,-0.1903293410999363
45,M,206.5,1779.4,2642.7,-426.7,-5.121,6,Very Active,Fair,4,201.4,-0.12192582500919642
29,F,159.6,1480.3,1730.8,-304.6,-6.093,10,Lightly Active,Good,6,153.5,-0.08703941255473917
35,F,208.8,1673.4,3608.8,722.2,17.333,12,Very Active,Fair,7,226.1,0.20634364515131373
28,F,193.8,1640.6,2713.9,745.2,14.904,10,Sedentary,Excellent,8,208.7,0.21292137040704776
46,F,174.3,1462.0,2411.0,144.8,2.897,10,Moderately Active,Poor,7,177.2,0.04138400155566472
56,F,160.1,1347.9,1546.2,-543.0,-9.774,9,Moderately Active,Good,3,150.4,-0.15514839549684933
18,M,190.6,1841.8,3022.8,167.9,1.679,5,Moderately Active,Poor,3,192.2,0.04797368591330113
18,F,188.6,1666.9,1347.0,-653.3,-15.68,12,Sedentary,Excellent,2,172.9,-0.18666364942335634
43,F,149.8,1366.0,2215.7,98.3,1.377,7,Moderately Active,Fair,1,151.2,0.028091980167383165
36,F,156.8,1432.5,1791.2,-679.9,-16.318,12,Very Active,Good,10,140.4,-0.19426708576597482
58,F,155.2,1315.6,2683.9,874.9,10.499,6,Lightly Active,Good,8,165.7,0.24998114554236858
23,M,185.1,1791.9,1731.9,-418.4,-5.02,6,Sedentary,Excellent,5,180.0,-0.11953230905554002
38,M,201.8,1793.1,3144.2,51.2,1.126,11,Very Active,Poor,1,203.0,0.014622716813527665
42,M,134.0,1465.2,2065.6,50.9,0.611,6,Lightly Active,Poor,9,134.6,0.01453913221711673
25,M,155.6,1648.2,2656.7,678.8,10.861,8,Sedentary,Excellent,5,166.4,0.1939517348615022
58,M,148.8,1452.3,2483.1,486.2,10.697,11,Lightly Active,Excellent,9,159.5,0.13892706010393904
48,M,119.7,1370.6,2116.9,472.2,4.722,5,Sedentary,Poor,5,124.4,0.13492749130308324
29,F,156.6,1466.7,3145.9,872.5,6.98,4,Moderately Active,Poor,5,163.6,0.24929682458104968
60,M,171.4,1544.8,2079.4,-585.4,-7.025,6,Very Active,Excellent,3,164.3,-0.16725069050452618
19,M,202.2,1889.6,2089.4,-839.5,-15.111,9,Moderately Active,Excellent,5,187.1,-0.23985031439241838
25,M,156.1,1650.6,2122.7,-724.6,-15.941,11,Very Active,Good,5,140.2,-0.2070208635982764
59,M,148.4,1445.4,2457.2,469.7,9.395,10,Lightly Active,Fair,1,157.8,0.1342103277624716
18,F,159.3,1533.9,1899.6,58.9,0.589,5,Sedentary,Fair,6,159.9,0.016834897939349374
18,M,211.2,1935.3,2854.3,531.9,8.511,8,Sedentary,Good,5,219.7,0.1519824350954979
31,M,174.8,1705.4,1646.8,-698.2,-12.567,9,Lightly Active,Fair,3,162.2,-0.19947636102961008
43,M,142.1,1497.0,1595.1,-725.3,-7.253,5,Moderately Active,Fair,1,134.8,-0.20722868817789497
18,F,102.3,1275.5,2474.2,497.1,5.965,6,Moderately Active,Excellent,4,108.3,0.14202455215775722
49,M,190.4,1686.2,2924.6,310.9,4.975,8,Moderately Active,Good,6,195.4,0.08883952076426274
23,F,179.6,1601.2,3521.8,759.7,10.636,7,Very Active,Good,5,190.3,0.21705534988591185
23,M,160.4,1680.2,2420.9,-477.5,-4.775,5,Very Active,Excellent,9,155.7,-0.13642150314079235
61,M,173.1,1547.5,2175.0,47.2,0.944,10,Lightly Active,Good,7,174.0,0.0134893103421152
55,F,112.9,1138.7,1248.5,-715.7,-8.588,6,Very Active,Poor,2,104.3,-0.20448782414763889
30,F,142.7,1398.7,2384.3,705.8,9.881,7,Sedentary,Poor,1,152.6,0.20166221523231986
30,M,144.3,1572.1,2275.1,113.5,1.589,7,Lightly Active,Good,4,145.9,0.032434326792553425
23,M,129.7,1540.8,2232.4,113.7,1.592,7,Lightly Active,Fair,2,131.3,0.03249945595350917
27,M,182.3,1759.2,3195.9,469.1,9.381,10,Moderately Active,Poor,7,191.6,0.13401801132064728
57,F,190.2,1479.1,2671.9,120.5,1.446,6,Very Active,Fair,7,191.6,0.03442962561731968
60,M,225.0,1788.2,2970.3,824.5,19.787,12,Sedentary,Excellent,8,244.8,0.23556290486609785
35,M,185.7,1734.7,1323.8,-757.9,-12.126,8,Sedentary,Poor,4,173.6,-0.21653431376428983
18,M,161.8,1711.6,2789.3,-163.3,-2.286,7,Very Active,Poor,4,159.6,-0.04666130632467502
28,F,193.5,1639.3,2220.0,-34.0,-0.681,10,Lightly Active,Fair,7,192.8,-0.009726067906399424
36,M,186.4,1733.2,3338.7,349.0,4.885,7,Very Active,Excellent,6,191.3,0.09970378923617863
20,F,161.2,1532.6,2243.0,135.7,2.442,9,Lightly Active,Good,11,163.6,0.03876300429846924
18,F,214.8,1786.0,2230.4,-850.4,-18.71,11,Very Active,Good,10,196.1,-0.2429822008479002
31,M,192.4,1785.2,3070.2,303.2,3.032,5,Moderately Active,Excellent,4,195.4,0.086614491138106
20,M,177.1,1770.9,2045.2,-389.7,-9.353,12,Lightly Active,Poor,5,167.8,-0.11134622039386743
21,F,190.2,1659.3,1886.2,-104.9,-1.049,5,Sedentary,Excellent,9,189.2,-0.029983974098179
35,F,157.4,1440.4,3261.0,776.3,17.079,11,Very Active,Excellent,3,174.5,0.22181127576676082
60,M,146.5,1432.2,1718.6,-0.1,-0.002,12,Sedentary,Excellent,5,146.5,-1.9517458558896448e-05
36,F,234.1,1783.5,2993.0,-83.5,-0.668,4,Very Active,Fair,6,233.5,-0.023854629968541954
32,F,184.4,1577.8,3134.1,412.4,4.124,5,Very Active,Fair,10,188.5,0.11782524202257992
18,M,219.2,1971.9,2383.9,17.6,0.423,12,Sedentary,Excellent,3,219.6,0.005037938277489567
25,F,178.3,1585.4,2274.8,-182.6,-3.652,10,Moderately Active,Fair,3,174.7,-0.0521674942666541
56,M,162.3,1523.7,2037.9,-57.2,-0.572,5,Lightly Active,Fair,3,161.7,-0.016332128398316204
32,M,169.8,1677.8,2945.6,51.3,0.923,9,Very Active,Good,9,170.8,0.014657938568646386
48,F,163.6,1403.6,2187.4,503.1,6.038,6,Sedentary,Poor,4,169.6,0.14375095854509157
59,M,183.2,1603.6,3272.5,786.9,7.869,5,Moderately Active,Poor,6,191.1,0.22482817403101826
32,F,170.7,1516.0,1492.9,-326.3,-4.568,7,Sedentary,Excellent,1,166.2,-0.0932239329701354
19,F,103.0,1273.5,1757.2,6.2,0.148,12,Lightly Active,Poor,9,103.1,0.001758124486228423
54,F,169.4,1400.0,1236.9,-688.1,-11.01,8,Lightly Active,Fair,10,158.4,-0.1966115140801286
21,M,194.0,1842.5,2143.7,-67.2,-0.672,5,Sedentary,Fair,4,193.3,-0.019208607270703525
43,M,191.6,1721.4,2765.5,97.3,1.946,10,Moderately Active,Fair,12,193.5,0.027806594916528152
28,F,107.0,1246.7,2749.1,598.5,14.364,12,Very Active,Fair,8,121.3,0.17100401014176467
26,F,183.2,1602.3,1754.4,-168.4,-2.021,6,Sedentary,Fair,1,181.1,-0.048122627879375095
49,M,201.3,1735.5,1889.6,-496.8,-7.948,8,Lightly Active,Fair,8,193.3,-0.14192912662998164
51,M,202.2,1729.7,3236.7,555.7,12.225,11,Moderately Active,Fair,5,214.4,0.15876275535137926
41,F,196.7,1588.9,1640.8,-822.0,-14.796,9,Moderately Active,Poor,9,181.9,-0.23486351572395292
56,F,149.8,1301.1,2563.9,774.9,6.199,4,Lightly Active,Excellent,10,156.0,0.22139619922796028
52,F,156.2,1350.2,2873.4,780.7,9.368,6,Moderately Active,Excellent,3,165.6,0.22304502438208626
33,F,152.2,1427.0,2532.8,71.2,1.567,11,Very Active,Excellent,11,153.8,0.020353013942336993
33,M,190.4,1766.1,2279.4,-767.1,-13.808,9,Very Active,Fair,4,176.6,-0.21917406402974834
42,M,188.9,1714.4,2470.2,-187.0,-2.245,6,Moderately Active,Poor,3,186.7,-0.053441677259466684
48,M,169.7,1597.1,2953.8,757.9,9.094,6,Lightly Active,Fair,5,178.8,0.21652876659404227
21,M,258.0,2132.9,2838.8,-467.2,-4.672,5,Moderately Active,Excellent,9,253.4,-0.13348967422282476
37,F,182.5,1544.3,3196.1,532.2,12.773,12,Very Active,Excellent,1,195.3,0.1520549794353023
18,M,158.8,1698.0,2416.3,81.6,1.143,7,Lightly Active,Fair,6,160.0,0.023318606995065758
46,M,198.7,1738.9,2313.9,-381.4,-3.814,5,Moderately Active,Poor,1,194.9,-0.10898201446809046
56,F,158.0,1338.0,2286.0,-22.0,-0.22,5,Very Active,Fair,2,157.7,-0.00627300654371941
56,F,141.9,1265.2,1759.7,20.0,0.32,8,Lightly Active,Fair,7,142.2,0.005713959712787463
25,M,134.7,1553.3,2850.4,170.9,2.051,6,Very Active,Fair,9,136.7,0.04883708076836319
42,F,176.5,1492.0,2153.1,-420.6,-5.047,6,Very Active,Good,7,171.4,-0.12016806363046037
70,M,193.8,1596.4,1842.0,-632.4,-11.383,9,Moderately Active,Poor,6,182.4,-0.18068938924450204
25,M,148.2,1614.8,3137.2,351.7,5.628,8,Very Active,Poor,3,153.8,0.10049408256890274
57,F,165.7,1368.1,2882.0,761.5,7.615,5,Moderately Active,Good,1,173.3,0.21757106577851962
18,M,162.8,1716.0,2929.4,570.0,13.68,12,Lightly Active,Fair,7,176.5,0.16285277068508497
40,M,135.5,1482.2,2668.9,112.1,1.345,6,Very Active,Good,2,136.9,0.03203004901009236
51,M,168.5,1576.8,3265.0,820.9,8.209,5,Moderately Active,Good,1,176.7,0.2345505647004667
21,M,244.8,2072.7,2356.4,-493.6,-6.91,7,Lightly Active,Fair,1,237.9,-0.14102755734078098
24,M,98.5,1394.2,1817.2,-99.8,-2.394,12,Lightly Active,Fair,3,96.1,-0.028502250402057273
60,M,154.3,1467.2,3199.6,668.7,6.687,5,Very Active,Good,1,160.9,0.1910448477099769
26,M,189.9,1798.8,2428.2,-674.7,-12.144,9,Very Active,Excellent,4,177.7,-0.19276786070291407
33,F,212.7,1701.3,1200.0,-841.6,-13.465,8,Sedentary,Good,7,199.2,-0.2404546387328024
38,F,136.9,1332.7,2383.8,318.2,7.636,12,Moderately Active,Fair,3,144.6,0.09090615404253094
22,M,194.4,1839.5,3312.1,782.8,15.656,10,Lightly Active,Fair,9,210.1,0.22366082643698285
41,M,177.4,1667.2,2248.3,-335.9,-7.391,11,Moderately Active,Poor,5,170.0,-0.09598509136022897
44,F,174.4,1472.5,2786.5,504.1,6.049,6,Moderately Active,Fair,3,180.4,0.14403301171744753
54,F,168.3,1395.1,2062.5,144.3,2.886,10,Lightly Active,Good,5,171.2,0.04123169894335147
47,M,179.5,1646.6,2627.8,363.7,5.092,7,Lightly Active,Poor,12,184.6,0.10391724576155957
37,F,158.8,1436.7,1275.3,-448.8,-4.488,5,Sedentary,Excellent,4,154.3,-0.12821466557580782
19,M,205.4,1904.3,2764.1,145.7,2.913,10,Lightly Active,Good,7,208.3,0.04161872575570643
18,M,194.8,1860.9,3383.6,173.5,3.123,9,Very Active,Good,8,197.9,0.04957160402850345
26,M,245.4,2050.4,4000.0,463.0,10.186,11,Very Active,Fair,5,255.5,0.13228947888789325
36,F,152.5,1413.3,1323.4,-867.1,-20.811,12,Moderately Active,Poor,10,131.7,-0.24775419498329782
33,F,121.5,1287.8,1709.6,-511.7,-4.094,4,Very Active,Fair,6,117.4,-0.1462105866610895
28,F,169.8,1531.6,3179.7,805.7,17.726,11,Moderately Active,Fair,1,187.5,0.23020279661365073
31,F,156.4,1455.9,1719.5,-27.6,-0.442,8,Sedentary,Fair,3,156.0,-0.007893969217423935
56,F,157.1,1334.0,2608.1,540.3,12.968,12,Moderately Active,Good,1,170.1,0.15438542074538691
36,M,134.8,1498.9,2405.1,344.1,8.259,12,Lightly Active,Poor,1,143.1,0.09831972852734426
34,F,141.1,1371.4,1935.0,49.3,0.493,5,Lightly Active,Good,5,141.6,0.014084751844745565
30,M,201.2,1830.0,2972.9,776.9,13.985,9,Sedentary,Fair,8,215.1,0.2219823820081622
29,F,187.1,1605.3,2163.7,-605.5,-14.531,12,Very Active,Excellent,10,172.6,-0.17299243135288841
32,F,164.1,1486.0,1200.0,-583.2,-12.83,11,Sedentary,Poor,8,151.3,-0.16661886756104735
57,M,163.1,1522.4,3235.5,609.3,10.967,9,Very Active,Fair,6,174.1,0.17408669693952925
34,M,206.3,1833.3,3832.3,669.9,10.718,8,Very Active,Fair,4,217.0,0.19140008356654561
33,F,117.4,1269.1,1887.1,-80.1,-0.641,4,Moderately Active,Fair,6,116.8,-0.022881078315724154
32,M,123.0,1465.5,2207.0,192.0,3.071,8,Lightly Active,Excellent,10,126.1,0.05484548927761852
41,F,167.4,1455.6,1562.9,-693.4,-9.707,7,Moderately Active,Excellent,4,157.7,-0.19810130951605184
40,F,185.8,1544.1,1715.9,-677.4,-13.548,10,Moderately Active,Good,9,172.2,-0.19354718419634803
47,F,144.4,1321.6,1410.9,-868.9,-8.689,5,Very Active,Good,4,135.7,-0.24826374356302314
61,M,176.3,1562.1,2425.8,551.3,11.025,10,Sedentary,Good,9,187.3,0.1575051939718612
28,M,208.2,1871.8,3568.2,666.9,14.672,11,Moderately Active,Excellent,4,222.9,0.19053909598144583
53,F,149.3,1313.7,2902.6,636.5,14.004,11,Very Active,Poor,2,163.3,0.18186630392719533
37,M,97.3,1323.9,1804.2,-16.1,-0.387,12,Lightly Active,Fair,2,96.9,-0.004609882054904379
39,F,167.8,1467.8,2165.3,147.1,2.353,8,Lightly Active,Poor,10,170.2,0.042017646109142076
56,M,125.7,1357.8,2253.9,-88.4,-1.414,8,Very Active,Good,6,124.3,-0.025256411894656335
29,F,173.4,1543.2,2203.8,82.0,1.803,11,Lightly Active,Fair,2,175.2,0.023417249924181045
20,M,169.3,1735.5,3550.3,860.2,13.764,8,Moderately Active,Fair,9,183.1,0.24577720710356582
57,F,144.3,1270.9,2151.0,625.9,12.518,10,Sedentary,Fair,7,156.8,0.17883272176941917
44,F,114.6,1201.5,1600.0,-472.6,-4.726,5,Very Active,Fair,7,109.9,-0.1350223442767097
33,F,135.1,1349.3,2839.7,748.4,10.478,7,Moderately Active,Good,4,145.6,0.21382945709451515
44,M,231.3,1896.9,2686.7,78.5,0.942,6,Lightly Active,Excellent,7,232.3,0.022419577216779674
44,M,174.1,1637.2,2122.2,-701.9,-16.846,12,Very Active,Good,8,157.2,-0.20054296541024633
48,M,155.9,1534.5,2099.0,-548.0,-12.056,11,Very Active,Excellent,6,143.8,-0.15656594846541572
48,M,171.8,1606.8,2141.6,-630.2,-7.563,6,Very Active,Poor,7,164.3,-0.18006043984793438
32,M,126.4,1480.8,2715.0,419.7,6.715,8,Moderately Active,Fair,3,133.1,0.119906738514446
52,F,186.6,1487.7,2890.4,844.8,8.448,5,Lightly Active,Good,5,195.0,0.24136062149753526
62,M,208.1,1701.5,1911.8,-130.0,-1.56,6,Sedentary,Excellent,4,206.6,-0.03713545423074707
37,M,173.9,1671.3,2465.0,-125.5,-2.008,8,Moderately Active,Excellent,2,171.9,-0.03585009920885841
18,M,165.9,1730.1,1414.5,-661.7,-11.91,9,Sedentary,Fair,4,154.0,-0.1890485083724354
21,M,215.7,1940.8,3025.6,17.3,0.381,11,Moderately Active,Good,4,216.1,0.004948626692225714
32,F,208.6,1687.7,1830.6,-785.3,-14.135,9,Moderately Active,Good,8,194.5,-0.22436809341308916
48,F,181.7,1485.9,3034.3,731.2,5.849,4,Moderately Active,Fair,9,187.6,0.2089025440210093
32,M,193.7,1786.1,3210.3,754.4,9.052,6,Lightly Active,Poor,3,202.8,0.21553418575843897
27,M,209.2,1881.6,3268.6,352.0,3.52,5,Moderately Active,Good,10,212.8,0.10058361768828958
20,M,172.3,1749.1,3878.7,861.5,6.892,4,Very Active,Fair,9,179.2,0.24614149491452372
52,M,183.6,1640.5,1790.5,-752.3,-13.541,9,Moderately Active,Fair,4,170.1,-0.21492971173396408
54,M,141.5,1439.2,1211.4,-515.7,-7.22,7,Sedentary,Excellent,2,134.3,-0.14735178695334103
35,M,153.6,1589.0,2302.7,395.8,9.5,12,Sedentary,Fair,1,163.1,0.1130943128961537
47,M,166.5,1587.7,2769.6,864.4,15.559,9,Sedentary,Good,10,182.0,0.2469661069278687
20,M,183.8,1801.0,3098.1,-8.7,-0.192,11,Very Active,Fair,3,183.6,-0.0024934971731172483
46,M,190.7,1702.5,2803.9,165.1,3.963,12,Moderately Active,Good,8,194.7,0.04717678723235479
19,M,181.5,1795.9,3136.2,38.3,0.383,5,Very Active,Poor,1,181.9,0.010950224632139778
55,F,149.9,1306.5,1200.0,-596.5,-4.772,4,Lightly Active,Good,6,145.1,-0.17042149091677708
30,M,144.8,1574.5,1903.2,-812.7,-17.879,11,Very Active,Excellent,4,127.0,-0.23219760126770592
40,F,146.2,1364.6,2349.4,-4.5,-0.107,12,Very Active,Poor,7,146.1,-0.0012768037907211953
37,F,182.9,1546.1,2463.2,607.9,13.375,11,Sedentary,Excellent,1,196.3,0.1736996302631386
35,F,162.3,1462.8,2190.5,-76.7,-0.614,4,Moderately Active,Poor,6,161.7,-0.021923478396211327
39,F,178.6,1516.8,2183.9,98.3,0.983,5,Lightly Active,Excellent,4,179.6,0.02809194089506465
20,M,171.1,1743.6,3040.9,338.3,2.706,4,Moderately Active,Excellent,7,173.8,0.09664455636207134
65,F,167.3,1335.2,1524.3,-545.3,-6.544,6,Moderately Active,Poor,4,160.7,-0.15580576042615688
34,M,162.5,1634.6,2200.6,-47.0,-0.94,10,Lightly Active,Poor,7,161.6,-0.013430900702700326
30,M,194.0,1797.5,2221.7,64.7,1.553,12,Sedentary,Good,3,195.6,0.01849057578576776
37,F,146.2,1379.5,1200.0,-696.7,-13.935,10,Lightly Active,Good,1,132.2,-0.19907029770617815
18,M,250.4,2113.1,3747.6,102.5,1.64,8,Very Active,Poor,6,252.0,0.02927764741244937
33,M,201.1,1814.8,3607.0,794.0,11.116,7,Moderately Active,Poor,2,212.2,0.22686178926442024
51,F,142.7,1293.6,1365.7,-413.1,-4.131,5,Lightly Active,Excellent,9,138.5,-0.11802522021201295
18,M,170.7,1751.6,3576.7,861.7,6.894,4,Moderately Active,Good,8,177.5,0.2462122166375049
28,F,124.4,1325.7,1630.5,-656.4,-14.44,11,Very Active,Excellent,5,109.9,-0.18753328242503267
40,M,175.6,1664.1,2831.5,-39.1,-0.547,7,Very Active,Good,8,175.1,-0.01116967419303923
23,M,180.3,1770.1,1228.0,-896.1,-12.545,7,Sedentary,Fair,8,167.7,-0.2560257327845225
27,M,180.4,1750.9,1581.7,-825.8,-19.818,12,Lightly Active,Good,3,160.6,-0.23592999808693835
34,M,142.9,1545.5,2059.0,-336.6,-4.039,6,Moderately Active,Poor,1,138.8,-0.09616416636115926
34,M,161.8,1631.3,2021.8,-506.6,-10.133,10,Moderately Active,Fair,8,151.6,-0.14475682796101877
57,M,148.2,1454.7,2734.7,479.9,5.759,6,Moderately Active,Poor,8,153.9,0.1371237419032116
37,F,139.5,1349.2,2247.6,-79.7,-0.956,6,Very Active,Poor,3,138.5,-0.022772980709125996
27,M,163.5,1674.3,2889.8,880.7,21.136,12,Sedentary,Good,10,184.7,0.251620489465136
46,F,161.8,1405.5,1756.6,-422.0,-4.22,5,Moderately Active,Poor,5,157.6,-0.12057201138172358
18,M,168.1,1740.2,1658.0,-734.8,-10.287,7,Lightly Active,Excellent,7,157.9,-0.20992880782409176
27,M,178.4,1741.9,3058.1,663.0,5.304,4,Lightly Active,Excellent,9,183.8,0.18942333366562902
18,F,168.6,1576.3,2754.2,35.0,0.841,12,Very Active,Good,5,169.5,0.010009564437444949
35,F,136.0,1343.4,1238.1,-844.2,-13.508,8,Moderately Active,Excellent,6,122.5,-0.24120562757717406
18,M,209.5,1927.9,3510.5,184.8,1.848,5,Very Active,Poor,7,211.4,0.052808863555938196
68,M,165.4,1477.9,2630.9,81.5,1.63,10,Very Active,Good,4,167.1,0.023287838020080408
33,M,148.5,1576.2,2119.5,-47.7,-1.146,12,Lightly Active,Fair,12,147.4,-0.013638657785951702
32,F,150.5,1424.4,1350.8,-607.7,-13.369,11,Lightly Active,Poor,2,137.2,-0.17362569257550403
38,F,154.3,1411.4,1782.6,89.0,1.601,9,Sedentary,Good,10,155.9,0.025418694078488378
22,M,178.1,1765.2,2099.7,-327.4,-4.584,7,Lightly Active,Good,8,173.5,-0.09355121965390195
42,F,156.8,1402.6,1200.0,-483.1,-9.663,10,Sedentary,Fair,6,147.1,-0.13803726903208327
20,M,211.6,1927.4,2886.7,-438.0,-6.132,7,Very Active,Poor,1,205.5,-0.12514605017198807
59,M,223.5,1786.5,1663.5,-793.0,-17.445,11,Lightly Active,Poor,6,206.1,-0.2265586182329754
34,M,209.1,1846.2,3125.5,-59.1,-0.71,6,Very Active,Poor,2,208.4,-0.01689415219062929
55,M,192.7,1666.5,2891.6,16.9,0.135,4,Very Active,Excellent,4,192.8,0.004815640611583408
44,F,159.0,1402.7,1750.5,67.3,0.538,4,Sedentary,Poor,7,159.5,0.019224633530646056
33,F,127.9,1316.5,2163.5,-107.4,-1.289,6,Very Active,Excellent,6,126.6,-0.03069332661972047
41,F,166.2,1450.5,3026.0,523.9,11.526,11,Very Active,Poor,6,177.8,0.1496915473177392
18,M,194.5,1859.6,1600.6,-631.0,-5.048,4,Sedentary,Excellent,4,189.4,-0.1802817532990726
54,F,181.1,1453.1,2470.0,472.0,11.328,12,Lightly Active,Poor,8,192.5,0.13486089197713466
18,M,199.4,1881.9,2888.5,-357.8,-4.293,6,Very Active,Good,2,195.1,-0.10222523832881286
20,M,163.9,1710.8,3402.6,451.5,8.126,9,Very Active,Fair,12,172.0,0.128985976511088
31,F,140.1,1381.9,1266.3,-875.6,-19.263,11,Moderately Active,Good,10,120.8,-0.25016533613974806
44,M,199.7,1753.4,2227.8,-796.8,-7.968,5,Very Active,Excellent,7,191.7,-0.22766778492229384
49,M,162.8,1561.0,2399.5,526.3,11.579,11,Sedentary,Excellent,6,174.4,0.1503719260258778
39,M,159.5,1596.0,1748.2,-166.9,-3.339,10,Sedentary,Fair,10,156.2,-0.047693014570765496
60,F,115.6,1126.0,1518.9,167.7,2.347,7,Sedentary,Good,7,118.0,0.047903110336024186
23,M,175.1,1746.6,1852.7,-854.5,-13.672,8,Moderately Active,Excellent,9,161.4,-0.24414158856146853
19,M,159.5,1695.9,2851.2,-74.2,-1.039,7,Very Active,Good,4,158.4,-0.02120174934552558
34,M,109.4,1393.6,2079.9,-80.3,-1.124,7,Moderately Active,Poor,3,108.3,-0.022939784047901413
39,F,130.1,1296.6,2526.7,743.8,7.438,5,Lightly Active,Fair,6,137.5,0.21252774358640897
27,F,186.9,1614.1,1497.7,-439.3,-4.393,5,Sedentary,Fair,9,182.5,-0.125510400753372
49,F,159.1,1378.0,2066.5,-69.4,-1.111,8,Moderately Active,Poor,7,158.0,-0.019842668916816623
46,F,219.2,1666.0,1950.4,-631.8,-12.636,10,Moderately Active,Poor,4,206.6,-0.18052075284865435
52,F,152.8,1334.4,2366.1,64.3,0.643,5,Very Active,Fair,10,153.4,0.01836250371598583
60,M,182.3,1594.5,2583.3,-167.2,-2.006,6,Very Active,Poor,3,180.3,-0.04776708460878308
54,F,142.9,1279.9,2134.5,-73.3,-0.733,5,Very Active,Excellent,3,142.2,-0.020951059579253004
21,M,197.9,1860.1,2210.0,-22.1,-0.354,8,Sedentary,Excellent,5,197.5,-0.006315901143280566
30,M,157.8,1633.2,2258.6,-558.6,-13.406,12,Very Active,Poor,7,144.4,-0.15959648845303528
27,M,225.5,1955.5,1834.2,-512.3,-5.123,5,Sedentary,Fair,2,220.4,-0.14638530640204434
23,M,177.8,1759.1,2178.3,-548.3,-5.483,5,Moderately Active,Good,8,172.3,-0.1566531548173933
40,F,133.4,1306.5,2121.6,-132.2,-2.115,8,Very Active,Fair,9,131.3,-0.03777122911483899
25,F,173.0,1561.4,2484.8,338.0,6.759,10,Lightly Active,Fair,2,179.8,0.09656008290462081
18,M,194.1,1857.7,2109.9,-769.6,-13.853,9,Moderately Active,Fair,7,180.2,-0.21988570699979754
33,M,134.2,1511.3,2605.2,-1.7,-0.024,7,Very Active,Poor,4,134.2,-0.00047972151738719863
26,M,136.4,1556.1,1563.3,-304.1,-6.081,10,Sedentary,Fair,5,130.3,-0.08687440618722368
48,M,165.4,1577.8,2377.3,-68.2,-1.227,9,Moderately Active,Poor,3,164.2,-0.01948094671094168
49,F,97.9,1100.7,1236.7,-661.9,-9.267,7,Very Active,Poor,1,88.7,-0.1891219317239679
57,F,186.1,1460.5,1469.3,-538.9,-9.701,9,Lightly Active,Fair,11,176.4,-0.1539839284361157
37,M,161.4,1614.4,2615.1,112.8,2.03,9,Moderately Active,Poor,2,163.4,0.03222564224040876
40,M,166.2,1621.5,2186.7,-42.8,-0.428,5,Lightly Active,Good,11,165.8,-0.012235985172633133
47,F,165.0,1415.1,2461.1,20.0,0.441,11,Very Active,Good,1,165.5,0.005725617942568273
33,M,194.5,1784.8,2899.0,132.5,1.325,5,Moderately Active,Poor,2,195.8,0.037860778138326945
38,M,173.2,1663.2,2096.3,-481.7,-7.707,8,Moderately Active,Good,4,165.5,-0.13762845300183277
44,M,200.2,1755.8,2551.1,-170.4,-3.749,11,Moderately Active,Poor,10,196.5,-0.04868969879059556
37,M,191.2,1750.0,3486.9,774.4,13.94,9,Moderately Active,Excellent,8,205.2,0.22126644292273015
63,M,161.4,1484.6,1844.5,63.0,1.135,9,Sedentary,Good,9,162.5,0.018011616523516034
45,M,180.9,1662.9,2682.5,687.0,13.74,10,Sedentary,Fair,6,194.6,0.19629106352687548
44,M,153.5,1543.9,2033.9,-359.2,-5.028,7,Moderately Active,Good,10,148.5,-0.10261826718543898
18,F,202.4,1729.6,3258.7,577.8,13.868,12,Moderately Active,Good,6,216.3,0.16509655003761678
62,F,159.4,1314.5,1800.5,-6.9,-0.11,8,Lightly Active,Poor,6,159.3,-0.001969018915253595
57,M,197.2,1677.1,1200.0,-812.5,-9.75,6,Sedentary,Fair,7,187.5,-0.23214551134721062
28,M,214.5,1900.4,3383.7,770.6,18.493,12,Lightly Active,Poor,1,233.0,0.22016057100491943
30,F,199.4,1656.1,2840.0,562.9,12.384,11,Lightly Active,Fair,4,211.8,0.16082844656109033
38,M,163.3,1618.2,1200.0,-741.8,-7.418,5,Sedentary,Excellent,3,155.9,-0.21194884300341235
53,M,146.5,1467.1,2723.6,706.3,8.475,6,Lightly Active,Good,2,155.0,0.20179531420986588
59,M,212.5,1736.6,3494.1,498.6,9.972,10,Very Active,Poor,7,222.5,0.1424553695234004
51,M,130.6,1404.8,2475.2,51.9,0.623,6,Very Active,Poor,7,131.2,0.014829750728991842
41,M,194.0,1742.7,2032.7,-668.5,-9.358,7,Moderately Active,Poor,12,184.7,-0.19098976069232912
19,M,115.0,1494.2,3038.9,722.8,10.12,7,Moderately Active,Fair,6,125.1,0.2065261055930974
51,F,170.5,1420.0,2483.7,779.7,18.713,12,Sedentary,Good,5,189.2,0.22277183260915023
18,M,205.6,1910.3,2052.1,-574.5,-9.192,8,Lightly Active,Poor,9,196.4,-0.16415150094963182
18,M,198.1,1875.9,3246.1,666.8,6.668,5,Lightly Active,Fair,7,204.7,0.19051001505240037
27,M,219.5,1927.9,2697.9,46.9,0.751,8,Lightly Active,Excellent,8,220.2,0.013412877638448532
20,M,227.9,2001.0,3008.6,-443.1,-4.431,5,Very Active,Good,2,223.4,-0.12661246738950688
63,M,145.5,1412.5,1946.5,4.3,0.087,10,Lightly Active,Good,4,145.6,0.0012371279413898395
58,F,94.3,1039.2,2202.8,592.0,14.208,12,Moderately Active,Good,11,108.5,0.16914346554726567
25,M,194.1,1823.0,3528.8,384.2,6.915,9,Very Active,Poor,8,201.0,0.10976512030247951
47,F,107.6,1154.8,1566.5,180.7,3.976,11,Sedentary,Good,6,111.6,0.051639080055767665
42,F,111.5,1197.3,2251.0,185.5,4.453,12,Very Active,Poor,8,116.0,0.0530090387902788
20,M,165.8,1719.3,2631.2,-33.7,-0.742,11,Moderately Active,Poor,12,165.0,-0.009642235968672919
45,M,151.7,1530.5,2321.6,-318.5,-4.459,7,Very Active,Fair,7,147.2,-0.09100469239594375
29,M,119.6,1465.0,1200.0,-558.0,-6.697,6,Sedentary,Poor,10,112.9,-0.15944139393462806
24,F,137.9,1406.8,2548.4,367.9,3.679,5,Moderately Active,Fair,9,141.5,0.10512188490720395
24,F,165.8,1533.3,2862.4,754.1,16.59,11,Lightly Active,Good,3,182.3,0.21544907013213274
36,F,167.7,1482.2,1499.4,-798.0,-11.173,7,Moderately Active,Fair,3,156.5,-0.22801212283586392
18,M,195.9,1865.9,2748.2,509.1,5.091,5,Sedentary,Poor,6,200.9,0.1454703388838252
37,F,146.9,1382.9,1554.3,-105.2,-1.894,9,Sedentary,Poor,5,145.0,-0.030063307958093578
53,M,177.1,1605.7,3540.7,770.9,10.793,7,Very Active,Excellent,2,187.9,0.22025988170924315
21,F,133.8,1403.3,2587.6,658.1,7.897,6,Lightly Active,Fair,6,141.7,0.1880327461516455
37,F,215.7,1694.9,1870.1,-460.4,-11.05,12,Lightly Active,Excellent,3,204.7,-0.1315445256476709
35,F,156.8,1437.9,2594.6,114.3,0.914,4,Very Active,Fair,1,157.7,0.03265040551900542
60,M,194.9,1651.6,2702.1,-146.9,-1.763,6,Very Active,Fair,6,193.1,-0.041978187859333174
18,M,158.1,1694.8,2994.0,70.5,1.551,11,Very Active,Good,11,159.7,0.02014109185142245
38,M,180.5,1696.4,2857.6,525.1,5.251,5,Lightly Active,Excellent,4,185.8,0.15002954191649615
39,M,158.4,1590.9,2932.8,466.9,8.405,9,Moderately Active,Poor,6,166.8,0.13341011791744858
18,F,146.3,1475.1,1984.9,-301.5,-3.015,5,Moderately Active,Poor,6,143.3,-0.08613824316719741
31,F,156.7,1457.4,2122.2,118.3,2.365,10,Lightly Active,Good,1,159.1,0.03379176304546809
41,F,205.5,1628.6,2522.3,-2.1,-0.038,9,Moderately Active,Fair,10,205.5,-0.0006040059936584449
47,M,165.1,1581.2,2552.5,378.4,8.324,11,Lightly Active,Fair,9,173.4,0.10810187148129353
63,F,171.9,1366.4,1200.0,-439.6,-9.672,11,Sedentary,Excellent,5,162.3,-0.12561202283975198
37,F,157.6,1431.2,1580.6,-136.8,-3.01,11,Sedentary,Excellent,11,154.5,-0.03908759828866726
35,M,146.5,1556.9,1700.0,-713.2,-8.558,6,Moderately Active,Fair,6,137.9,-0.20375860832768747
52,M,241.1,1901.2,3430.2,150.6,1.506,5,Very Active,Fair,5,242.6,0.043039432827080545
23,F,168.7,1551.7,1434.9,-698.7,-8.384,6,Lightly Active,Excellent,7,160.3,-0.19963008195647203
48,F,145.4,1321.2,2783.4,735.6,10.298,7,Moderately Active,Poor,3,155.7,0.21016943373779065
32,M,209.4,1857.5,2029.4,-199.6,-4.39,11,Sedentary,Excellent,9,205.0,-0.05701870814951729
22,F,166.4,1546.1,3278.8,611.7,13.457,11,Very Active,Excellent,3,179.8,0.17476187222342326
24,M,147.2,1615.1,2065.0,126.8,2.537,10,Sedentary,Good,3,149.7,0.03624103164723413
29,M,140.0,1557.4,1884.1,-529.8,-5.298,5,Moderately Active,Excellent,5,134.7,-0.15138341583013243
42,F,195.3,1577.2,2648.2,479.6,9.591,10,Lightly Active,Good,1,204.9,0.13701519898490733
68,M,138.2,1354.2,1698.0,-638.0,-7.656,6,Very Active,Poor,5,130.5,-0.18227849390907977
30,M,191.2,1784.6,2505.1,51.2,0.615,6,Lightly Active,Poor,6,191.8,0.014637718667531772
60,M,205.8,1700.9,2471.1,-165.3,-1.653,5,Moderately Active,Good,6,204.1,-0.04723565331817268
36,M,93.8,1312.8,2105.7,530.4,10.608,10,Sedentary,Fair,6,104.4,0.15154832731596357
32,M,163.8,1650.5,2160.4,-686.8,-9.615,7,Very Active,Fair,2,154.2,-0.1962206688322111
39,F,194.2,1587.5,1968.4,63.4,1.014,8,Sedentary,Good,9,195.2,0.018103470866873587
27,M,192.4,1805.3,3032.3,-81.8,-0.654,4,Very Active,Good,7,191.8,-0.023366622715192405
31,M,173.7,1700.2,3080.0,444.6,4.446,5,Moderately Active,Excellent,4,178.1,0.12704258667517881
20,F,185.2,1641.7,2110.2,-147.2,-2.944,10,Lightly Active,Fair,8,182.3,-0.04205909934483407
29,F,230.5,1801.9,3290.0,181.8,1.818,5,Very Active,Excellent,6,232.3,0.05193748387895838
39,F,150.8,1390.4,1239.0,-429.4,-3.436,4,Sedentary,Poor,6,147.3,-0.1226987894600973
41,F,190.6,1561.1,2747.2,600.6,12.013,10,Lightly Active,Poor,5,202.6,0.17160839408692716
44,F,172.2,1462.8,1645.4,-621.9,-7.463,6,Moderately Active,Fair,10,164.8,-0.17769682561200262
33,M,203.7,1826.3,1584.8,-606.8,-8.495,7,Sedentary,Good,1,195.2,-0.17336651970777114
25,M,213.3,1909.8,3306.6,680.6,6.806,5,Lightly Active,Fair,8,220.1,0.1944504424034155
18,M,162.7,1715.3,2797.3,138.6,1.109,4,Moderately Active,Good,6,163.8,0.03959635601608871
58,M,165.5,1528.4,1680.5,-153.6,-1.229,4,Sedentary,Fair,1,164.3,-0.04388724782350079
56,M,229.5,1828.6,2429.6,-724.7,-5.798,4,Very Active,Good,4,223.7,-0.20706867550595975
18,M,161.1,1708.4,2657.3,9.2,0.147,8,Moderately Active,Good,2,161.3,0.0026291843118181404
32,M,182.6,1735.7,1617.8,-768.7,-12.299,8,Lightly Active,Excellent,4,170.3,-0.21962125370348362
29,F,130.4,1348.1,2175.3,557.6,13.382,12,Sedentary,Excellent,9,143.8,0.1593127833161788
52,F,162.9,1380.4,1928.7,30.7,0.307,5,Lightly Active,Poor,5,163.2,0.008760191395906726
43,M,169.4,1621.0,2845.8,333.3,3.999,6,Moderately Active,Fair,5,173.4,0.09521813328727226
61,F,166.5,1351.9,1970.2,-361.7,-3.617,5,Very Active,Good,1,162.9,-0.10335512828946333
42,F,153.1,1385.9,1200.0,-463.1,-6.484,7,Sedentary,Excellent,2,146.6,-0.1323192098622018
37,F,226.2,1742.4,3552.9,852.1,10.226,6,Moderately Active,Excellent,8,236.4,0.24346740775885492
28,F,97.9,1205.4,1419.4,-449.0,-8.081,9,Moderately Active,Fair,2,89.8,-0.12827368857552737
35,F,186.4,1571.8,2257.8,371.6,2.973,4,Sedentary,Good,12,189.3,0.10618301651568189
54,M,158.6,1517.0,2809.3,192.6,3.851,10,Very Active,Excellent,8,162.5,0.055018727307599484
39,F,139.1,1337.5,2182.6,109.4,1.751,8,Moderately Active,Fair,9,140.9,0.03126028337210118
21,M,175.0,1756.2,2412.2,304.8,4.267,7,Sedentary,Fair,5,179.2,0.08708042975270668
57,F,146.8,1282.2,1660.0,-103.0,-1.853,9,Lightly Active,Poor,5,144.9,-0.029418972165306385
48,F,173.9,1450.4,2520.6,18.6,0.261,7,Very Active,Good,2,174.2,0.005321056298257775
23,M,208.7,1899.3,2088.7,-190.4,-4.57,12,Sedentary,Fair,8,204.2,-0.0544102564598852
18,M,173.2,1763.3,1916.6,-199.4,-3.988,10,Sedentary,Fair,7,169.3,-0.05697576679593398
54,F,168.2,1394.4,1200.0,-473.2,-9.465,10,Sedentary,Poor,10,158.7,-0.13521204617927138
22,F,142.1,1436.0,1580.1,-143.1,-2.289,8,Sedentary,Excellent,11,139.8,-0.04087160169086077
56,M,155.4,1492.4,1949.8,158.9,3.814,12,Sedentary,Poor,8,159.2,0.04540428250645248
39,F,152.6,1398.7,2671.9,748.7,7.487,5,Lightly Active,Good,10,160.1,0.21392561122975484
48,M,120.6,1374.6,1490.0,-640.7,-12.814,10,Moderately Active,Good,8,107.8,-0.18305498199243572
46,F,182.4,1498.9,1775.0,-810.5,-16.211,10,Very Active,Fair,6,166.2,-0.23158520670662042
41,M,177.3,1666.5,2731.6,440.2,6.162,7,Lightly Active,Good,3,183.4,0.12576192456656787
40,F,170.0,1472.8,1368.7,-398.6,-8.77,11,Sedentary,Fair,6,161.3,-0.113892853834246
32,M,189.4,1766.8,2223.6,-515.0,-7.21,7,Moderately Active,Poor,1,182.2,-0.1471349907321181
39,F,149.5,1384.8,2715.5,811.5,8.115,5,Lightly Active,Good,11,157.6,0.23185408897048254
59,M,169.7,1542.1,2199.1,78.8,0.63,4,Lightly Active,Good,7,170.3,0.022500340941380145
34,F,195.9,1619.9,1500.7,-726.7,-13.08,9,Lightly Active,Poor,4,182.8,-0.207626982563162
41,M,173.1,1647.6,1881.2,-95.9,-1.151,6,Sedentary,Excellent,2,171.9,-0.02740950940328873
41,M,169.6,1631.7,2551.5,22.4,0.537,12,Moderately Active,Good,3,170.1,0.006394715605530109
18,M,230.4,2022.5,3209.3,782.3,9.388,6,Sedentary,Excellent,2,239.8,0.22352515773323142
34,F,149.9,1411.2,1200.0,-493.5,-6.909,7,Sedentary,Good,6,142.9,-0.14099235453350809
37,F,156.3,1425.2,2407.4,-51.1,-0.511,5,Very Active,Fair,5,155.7,-0.01460117213531456
50,F,156.8,1362.9,1296.8,-338.7,-7.451,11,Sedentary,Good,2,149.4,-0.09676663475089883
24,F,167.6,1541.7,1981.8,131.7,2.371,9,Sedentary,Excellent,2,170.0,0.03764070596770489
18,F,189.9,1672.7,1827.6,-179.7,-3.595,10,Sedentary,Poor,1,186.3,-0.05135569132397073
42,F,163.2,1431.6,1509.1,-709.9,-8.519,6,Moderately Active,Fair,7,154.6,-0.2028365000145742
52,F,122.0,1195.0,1971.3,-90.0,-1.98,11,Very Active,Good,6,120.0,-0.025716369254372304
35,F,146.4,1390.4,2338.6,670.2,10.723,8,Sedentary,Poor,7,157.1,0.191481799626927
27,F,171.2,1542.9,2383.1,-8.4,-0.084,5,Moderately Active,Fair,4,171.1,-0.0023964651474109684
23,F,173.0,1571.1,2015.6,-419.7,-10.072,12,Moderately Active,Good,5,162.9,-0.11990705257141482
25,M,199.3,1846.4,2328.4,112.8,2.03,9,Sedentary,Poor,4,201.3,0.03221894478233428
62,F,120.1,1136.4,2400.8,639.4,11.509,9,Moderately Active,Poor,1,131.6,0.1826830482939225
36,F,147.6,1391.1,1421.4,-491.3,-6.879,7,Lightly Active,Excellent,8,140.7,-0.14037901154217935
49,M,189.9,1683.9,1420.4,-894.9,-21.478,12,Lightly Active,Fair,9,168.4,-0.2556910840166693
37,M,195.0,1766.8,2887.8,-159.9,-2.239,7,Very Active,Fair,6,192.7,-0.04569893287943341
43,M,173.5,1639.6,2146.6,179.1,3.582,10,Sedentary,Fair,7,177.1,0.051177426082246257
18,M,176.6,1778.3,2412.1,-655.5,-11.799,9,Very Active,Excellent,4,164.8,-0.18728905871681362
21,F,156.4,1505.8,2095.9,25.4,0.356,7,Lightly Active,Poor,5,156.7,0.0072693127752221955
50,F,204.7,1580.0,1849.8,-322.8,-2.582,4,Lightly Active,Good,2,202.1,-0.0922223556343028
20,M,121.0,1516.1,2028.6,-586.8,-10.562,9,Very Active,Good,6,110.4,-0.16765525511420218
30,F,150.0,1431.9,2876.5,406.5,7.317,9,Very Active,Excellent,5,157.3,0.1161359781692463
31,M,210.5,1867.2,1517.8,-722.8,-8.674,6,Sedentary,Excellent,7,201.8,-0.20651937286839842
59,M,152.2,1462.7,1960.6,-50.6,-1.011,10,Lightly Active,Excellent,4,151.1,-0.014446767990471666
23,M,123.0,1510.4,1694.9,-381.9,-4.582,6,Lightly Active,Poor,9,118.4,-0.10910600037556976
18,M,181.0,1798.5,3192.2,404.5,9.709,12,Moderately Active,Fair,3,190.7,0.11557760073523383
48,F,176.6,1462.4,2648.3,125.8,2.516,10,Very Active,Fair,6,179.1,0.035937627022054844
28,F,180.7,1581.2,1436.9,-737.3,-14.746,10,Lightly Active,Excellent,9,166.0,-0.2106567353033141
18,F,165.4,1562.0,3547.0,852.6,11.937,7,Very Active,Excellent,6,177.4,0.2436065513859564
18,M,115.5,1501.6,1580.3,-747.2,-10.461,7,Moderately Active,Fair,7,105.1,-0.21348742767462559
27,F,178.2,1574.8,1334.2,-831.2,-8.312,5,Lightly Active,Fair,4,169.9,-0.237483472010595
46,F,197.5,1567.5,2003.8,-425.8,-4.258,5,Moderately Active,Fair,4,193.3,-0.1216601630400856
68,M,235.2,1794.4,2555.4,88.2,0.705,4,Lightly Active,Poor,10,235.9,0.02519012434251064
42,F,164.2,1436.1,2413.7,187.6,3.753,10,Moderately Active,Poor,5,167.9,0.05361163715493538
29,M,160.6,1650.9,3084.1,525.2,11.555,11,Moderately Active,Good,8,172.1,0.15005958348695106
29,F,162.1,1491.6,3352.5,779.5,6.236,4,Very Active,Fair,6,168.3,0.22271906841537253
38,M,111.7,1384.1,1200.0,-461.0,-4.61,5,Sedentary,Fair,6,107.1,-0.13170126001053112
29,F,117.6,1290.0,2089.6,-135.6,-1.356,5,Very Active,Excellent,8,116.3,-0.03875377201013479
34,F,102.3,1195.5,2312.0,668.2,14.7,11,Lightly Active,Excellent,3,117.0,0.190910524419239
32,M,212.2,1869.9,2764.4,-134.0,-2.68,10,Moderately Active,Good,2,209.5,-0.038286034884352636
58,M,223.1,1789.6,1724.2,-423.3,-5.927,7,Sedentary,Poor,1,217.2,-0.12095151029450348
37,F,176.4,1516.5,2004.1,-81.0,-0.81,5,Lightly Active,Excellent,7,175.6,-0.023154211693535282
18,M,159.5,1701.0,3440.5,803.9,9.647,6,Moderately Active,Excellent,9,169.2,0.2296893436878259
39,F,114.1,1224.2,1330.7,-352.6,-7.757,11,Lightly Active,Good,12,106.4,-0.10073629016690945
62,F,121.6,1143.2,1200.0,-171.8,-2.749,8,Sedentary,Excellent,6,118.9,-0.04908133831656096
27,F,142.6,1413.5,2114.2,-76.7,-1.533,10,Moderately Active,Poor,6,141.1,-0.021902468557973797
39,M,183.7,1705.9,2550.1,-94.0,-2.256,12,Moderately Active,Poor,7,181.5,-0.026856640329414663
45,F,173.6,1464.1,3054.5,528.9,6.346,6,Very Active,Poor,8,180.0,0.1511048892175321
47,F,187.9,1519.0,1243.8,-579.0,-8.106,7,Sedentary,Fair,9,179.8,-0.1654385067693687
40,M,144.8,1524.3,1200.0,-629.1,-6.291,5,Sedentary,Excellent,5,138.5,-0.17974469806524523
23,M,202.0,1868.7,2535.1,-34.4,-0.482,7,Lightly Active,Excellent,6,201.5,-0.009830096814712825
20,F,176.6,1602.7,2451.6,-32.5,-0.781,12,Moderately Active,Poor,3,175.8,-0.009299191436062755
47,M,199.2,1736.0,3341.9,347.4,2.779,4,Very Active,Good,8,202.0,0.09924943710412858
41,M,159.9,1587.8,1884.9,-20.4,-0.245,6,Sedentary,Good,8,159.7,-0.0058240301499375684
39,F,220.3,1706.0,2388.8,-554.0,-11.08,10,Very Active,Good,4,209.3,-0.1582928398826742
37,M,154.0,1581.2,2630.6,-96.8,-0.968,5,Very Active,Excellent,5,153.1,-0.027670130287111273
37,F,175.1,1511.0,2973.2,631.2,10.1,8,Moderately Active,Poor,1,185.2,0.1803521471272113
40,F,125.1,1268.8,1571.8,49.2,1.181,12,Sedentary,Poor,1,126.2,0.014063763267292351
25,F,167.6,1536.8,2233.1,388.9,3.889,5,Sedentary,Excellent,5,171.5,0.11111995565030482
53,M,151.3,1488.8,1933.5,147.0,2.646,9,Sedentary,Poor,4,153.9,0.04199717345887718
53,F,188.1,1489.5,2639.4,591.4,13.01,11,Lightly Active,Excellent,4,201.1,0.16895739296337095
20,F,173.2,1587.2,2351.5,-386.3,-7.726,10,Very Active,Excellent,2,165.5,-0.11037474353600127
25,M,157.1,1655.3,2498.3,-67.4,-0.944,7,Moderately Active,Excellent,9,156.2,-0.019257819916083333
21,F,160.6,1525.2,2522.8,158.8,1.271,4,Moderately Active,Fair,9,161.9,0.04537501281707682
44,M,190.0,1709.4,1544.7,-805.7,-8.057,5,Lightly Active,Good,4,182.0,-0.23020226890481268
43,F,199.9,1593.2,2002.1,-746.2,-13.432,9,Very Active,Fair,11,186.5,-0.213209767141228
43,M,167.1,1610.3,2849.6,353.6,7.779,11,Moderately Active,Good,7,174.9,0.10102060290907411
29,M,209.0,1870.3,3002.8,103.8,1.868,9,Moderately Active,Excellent,1,210.8,0.029656376597286517
26,M,157.4,1651.6,2123.3,-725.7,-14.515,10,Very Active,Good,12,142.9,-0.20735475400532388
40,F,149.3,1378.9,1200.0,-454.7,-6.366,7,Sedentary,Excellent,6,143.0,-0.12991572899531495
31,F,145.7,1407.2,2097.0,-330.3,-5.946,9,Very Active,Good,4,139.7,-0.09438159114722411
37,M,169.8,1652.7,2851.0,578.5,11.571,10,Lightly Active,Excellent,10,181.4,0.1652945937920379
41,F,182.5,1524.3,1235.9,-593.3,-13.052,11,Sedentary,Good,7,169.5,-0.16950629812569734
70,F,90.0,959.7,1997.4,509.9,6.118,6,Moderately Active,Fair,10,96.1,0.1456731259962265
45,F,130.5,1268.6,1200.0,-322.4,-3.869,6,Sedentary,Good,4,126.7,-0.09210747591841996
53,M,154.8,1504.6,3302.1,706.6,11.306,8,Very Active,Poor,12,166.1,0.20189061361559496
44,M,206.0,1781.9,2325.1,186.9,1.495,4,Sedentary,Poor,4,207.5,0.05338724065471784
23,F,146.5,1450.8,3163.3,660.7,5.285,4,Very Active,Good,5,151.7,0.18876719151334861
40,F,174.6,1493.3,2919.0,865.8,13.853,8,Lightly Active,Poor,2,188.4,0.24737228023851732
27,M,157.5,1646.9,2536.3,-16.4,-0.23,7,Moderately Active,Poor,5,157.3,-0.004685940698216005
26,F,194.6,1654.3,2404.4,129.7,2.594,10,Lightly Active,Excellent,5,197.2,0.03706409388236157
27,M,206.2,1867.8,2938.7,697.4,12.553,9,Sedentary,Fair,3,218.7,0.19926093471878603
18,F,170.8,1586.2,2173.8,-7.3,-0.131,9,Lightly Active,Fair,6,170.7,-0.0020870378495650844
43,M,175.1,1646.7,2168.7,-95.5,-1.529,8,Lightly Active,Good,11,173.6,-0.02729749623697184
56,M,151.6,1475.0,2988.6,444.2,3.553,4,Very Active,Poor,6,155.1,0.12690892760202757
30,F,127.0,1327.7,1914.0,88.5,1.947,11,Lightly Active,Fair,4,129.0,0.02528950829629834
44,F,190.1,1543.6,2084.2,-38.2,-0.305,4,Lightly Active,Good,7,189.7,-0.01090298347109144
18,F,177.0,1614.4,2108.8,-111.1,-2.665,12,Lightly Active,Poor,9,174.4,-0.03172992068842645
18,M,206.7,1914.9,3440.2,807.3,19.374,12,Lightly Active,Good,4,226.0,0.23064329901335923
49,F,134.6,1267.1,1365.5,-376.8,-6.028,8,Lightly Active,Good,12,128.6,-0.1076475668050377
18,F,170.0,1582.7,2609.6,433.4,6.067,7,Lightly Active,Fair,8,176.1,0.12381488768792588
22,M,211.9,1918.6,2906.3,-67.5,-1.08,8,Moderately Active,Fair,3,210.8,-0.019278041489054105
33,F,172.0,1516.8,2339.3,-11.8,-0.118,5,Moderately Active,Poor,2,171.9,-0.0033672494090651525
66,F,168.8,1337.0,3126.8,820.5,16.41,10,Very Active,Fair,6,185.2,0.23442818651969655
33,M,214.6,1876.1,2095.4,-812.5,-9.751,6,Moderately Active,Good,6,204.9,-0.23215538921200188
55,M,169.6,1561.7,2789.0,641.6,14.116,11,Lightly Active,Good,9,183.7,0.18332632936687773
43,M,187.4,1702.5,2213.1,-127.9,-1.279,5,Lightly Active,Poor,6,186.1,-0.036530654959217826
57,M,146.1,1445.0,2393.0,406.1,3.249,4,Lightly Active,Excellent,11,149.3,0.11602701712516474
55,M,161.0,1522.7,1603.4,-756.7,-9.081,6,Moderately Active,Good,6,151.9,-0.21620456249399986
41,M,179.8,1678.3,2713.2,111.9,1.343,6,Moderately Active,Poor,6,181.2,0.0319717092923108
50,F,96.6,1089.8,2568.3,879.2,17.584,10,Moderately Active,Excellent,2,114.2,0.2511990583080057
26,F,188.7,1627.6,2691.5,738.4,5.907,4,Sedentary,Fair,4,194.7,0.21097012635610113
36,F,130.5,1313.4,1963.1,-302.5,-4.235,7,Very Active,Good,5,126.3,-0.08642122868131771
20,F,186.6,1647.8,1904.2,-361.6,-8.679,12,Lightly Active,Fair,11,177.9,-0.10332140971535078
39,M,206.9,1811.2,2796.9,-327.4,-5.239,8,Very Active,Poor,9,201.7,-0.09355171744082938
18,F,103.8,1282.1,2475.0,712.1,8.545,6,Lightly Active,Fair,12,112.3,0.20344802651508254
34,M,156.8,1608.7,2906.5,413.1,8.261,10,Moderately Active,Excellent,6,165.0,0.11801589152414908
40,M,154.3,1567.5,1813.0,-890.9,-12.473,7,Very Active,Excellent,4,141.8,-0.25455077562741607
27,M,180.8,1752.5,2296.5,-726.7,-5.813,4,Very Active,Poor,11,175.0,-0.2076188725878601
22,M,154.0,1655.9,2326.1,49.3,0.394,4,Lightly Active,Excellent,8,154.4,0.014072545978500915
32,F,107.7,1230.0,1200.0,-276.1,-6.073,11,Sedentary,Poor,10,101.6,-0.07887386857167375
31,F,140.1,1382.0,2243.0,584.6,7.016,6,Sedentary,Good,3,147.1,0.167039372284755
43,M,201.1,1764.6,1420.5,-697.0,-16.728,12,Sedentary,Fair,6,184.3,-0.19914249875840948
36,F,155.6,1427.2,3301.1,839.2,20.14,12,Very Active,Excellent,6,175.7,0.23976375857197504
24,M,128.6,1530.8,1741.1,-363.8,-5.093,7,Lightly Active,Good,12,123.5,-0.10393092142395341
34,F,184.2,1567.0,2343.9,189.2,3.406,9,Lightly Active,Poor,9,187.6,0.0540708254079079
54,M,191.3,1665.0,1660.5,-628.9,-8.804,7,Lightly Active,Poor,5,182.4,-0.1796809309248686
36,M,121.2,1437.3,1668.7,-307.6,-3.076,5,Lightly Active,Excellent,4,118.1,-0.08789989736033314
54,F,143.5,1282.3,1633.5,-354.0,-8.497,12,Moderately Active,Excellent,5,135.0,-0.10115702975587276
23,F,156.3,1495.7,1852.5,57.7,1.27,11,Sedentary,Fair,4,157.6,0.01649563332213698
37,M,206.1,1817.1,2858.4,359.9,4.319,6,Lightly Active,Excellent,2,210.4,0.10282438543844871
58,M,215.3,1754.2,3118.0,706.1,14.121,10,Lightly Active,Excellent,6,229.4,0.2017314054872825
33,M,185.1,1742.1,2246.7,156.1,1.249,4,Sedentary,Good,7,186.4,0.044604801319232265
48,F,177.3,1465.8,1691.8,-836.7,-13.387,8,Very Active,Excellent,5,163.9,-0.2390618772647822
61,F,132.1,1195.9,1517.4,-126.9,-2.537,10,Lightly Active,Poor,3,129.6,-0.03624349482244082
38,M,200.0,1784.8,2235.1,-531.4,-11.691,11,Moderately Active,Poor,4,188.3,-0.15183694110159676
18,F,90.0,1219.7,1386.3,-717.7,-5.742,4,Very Active,Good,7,84.3,-0.20505769260407916
45,M,134.9,1454.2,2399.5,654.5,14.398,11,Sedentary,Good,5,149.3,0.18698576622691515
18,M,167.9,1739.2,2740.2,44.5,0.535,6,Moderately Active,Poor,3,168.5,0.012726676488617679
18,M,164.7,1724.4,2126.1,-546.8,-4.374,4,Moderately Active,Excellent,5,160.3,-0.15622015949745843
47,M,183.0,1662.7,2593.7,307.4,7.378,12,Lightly Active,Good,2,190.4,0.08783317936901729
21,M,184.8,1800.9,3189.2,712.9,7.129,5,Lightly Active,Poor,4,192.0,0.20369856745078752
31,M,193.4,1789.6,3785.3,698.2,13.965,10,Very Active,Good,5,207.3,0.19949325324334702
20,M,190.6,1832.0,1337.8,-860.6,-20.655,12,Sedentary,Poor,1,169.9,-0.24589224350059977
40,M,173.4,1654.1,2393.7,-170.1,-3.741,11,Moderately Active,Fair,3,169.7,-0.048586829431201684
34,M,182.5,1725.4,3443.2,466.9,11.205,12,Very Active,Good,9,193.7,0.13339836518724146
59,F,146.7,1271.9,2412.4,441.0,9.702,11,Moderately Active,Poor,3,156.4,0.12599999999850636
19,F,159.2,1528.7,1770.5,-599.1,-10.783,9,Moderately Active,Excellent,3,148.4,-0.17116391077263202
31,F,131.0,1340.7,1885.2,-192.9,-3.858,10,Moderately Active,Poor,7,127.1,-0.05511209956012174
18,F,175.3,1606.6,2228.1,300.1,3.001,5,Sedentary,Fair,2,178.3,0.0857433797962862
39,F,217.2,1691.5,3491.6,573.7,10.327,9,Very Active,Fair,1,227.5,0.16392135826650064
39,M,171.3,1649.4,2117.0,137.7,2.479,9,Sedentary,Poor,2,173.8,0.03935056452620029
31,M,204.0,1837.8,2372.6,-154.4,-2.161,7,Lightly Active,Excellent,1,201.8,-0.04411161618791565
22,M,98.8,1405.6,2612.9,680.2,10.883,8,Lightly Active,Fair,11,109.7,0.19434191665193912
37,M,179.7,1697.7,1638.7,-398.5,-4.782,6,Sedentary,Poor,10,174.9,-0.1138552058923527
18,M,150.7,1661.3,1576.0,-417.6,-4.176,5,Sedentary,Poor,5,146.6,-0.11930082294031133
47,M,154.0,1531.1,3410.0,768.9,13.839,9,Very Active,Excellent,9,167.9,0.2196720691969293
33,F,201.6,1651.1,1879.2,-679.9,-6.799,5,Moderately Active,Poor,3,194.8,-0.19426979444384518
46,M,128.3,1419.4,3073.8,873.7,10.485,6,Moderately Active,Poor,1,138.8,0.24963262656441448
24,F,189.5,1641.2,2298.6,329.1,6.583,10,Sedentary,Poor,5,196.1,0.09404084667975518
20,F,194.1,1681.9,2770.7,-130.5,-1.566,6,Very Active,Excellent,8,192.5,-0.03729711197913145
28,M,123.0,1485.4,2966.0,663.7,11.947,9,Moderately Active,Poor,4,134.9,0.18962756124908914
18,M,155.8,1684.3,2777.1,166.4,2.329,7,Moderately Active,Fair,8,158.2,0.04753259905109709
38,M,137.9,1503.0,2517.9,188.2,4.14,11,Moderately Active,Good,1,142.0,0.053770474275668674
39,F,138.4,1334.2,3021.5,720.0,17.28,12,Very Active,Fair,5,155.7,0.2057167345537929
29,M,166.4,1677.5,2480.7,174.2,2.439,7,Lightly Active,Good,3,168.9,0.04977280885286122
19,M,160.2,1699.3,3405.6,474.3,8.538,9,Very Active,Good,7,168.8,0.13552791351072874
25,F,185.0,1615.6,3503.6,716.6,12.899,9,Very Active,Excellent,3,197.9,0.2047391954961131
22,F,154.4,1492.0,2701.2,649.7,12.994,10,Lightly Active,Fair,8,167.4,0.1856239321878615
45,F,166.9,1433.4,2230.9,9.1,0.073,4,Moderately Active,Poor,6,166.9,0.0025977127096231405
18,M,169.5,1746.1,2678.1,-334.0,-5.343,8,Very Active,Good,8,164.1,-0.09541796130780975
42,M,224.2,1874.2,2435.6,-141.4,-1.131,4,Lightly Active,Fair,3,223.0,-0.04040818398392042
33,M,152.2,1593.0,2560.9,-187.1,-4.116,11,Very Active,Excellent,4,148.1,-0.053450699058019774
32,M,167.7,1668.0,2901.8,24.5,0.343,7,Very Active,Fair,7,168.0,0.007002348890378406
28,M,209.6,1878.4,2209.1,-45.0,-0.81,9,Sedentary,Excellent,12,208.8,-0.012850897298058304
18,M,225.2,1999.2,2280.3,-118.8,-2.613,11,Sedentary,Good,7,222.6,-0.033932888830932824
43,F,190.5,1550.7,2150.8,18.6,0.261,7,Lightly Active,Good,11,190.8,0.005327444194427568
18,M,167.8,1738.5,3280.5,890.1,8.901,5,Lightly Active,Good,11,176.7,0.2543062840393512
49,M,194.1,1702.7,2785.0,-152.3,-1.218,4,Very Active,Poor,1,192.8,-0.043502421568803976
36,M,162.0,1622.1,2608.5,378.0,6.049,8,Lightly Active,Excellent,6,168.0,0.10801140516263526
45,M,118.6,1380.5,2760.7,862.5,6.9,4,Lightly Active,Good,3,125.5,0.24642762008071675
23,M,161.9,1686.9,3083.7,764.2,12.227,8,Lightly Active,Poor,6,174.1,0.21834187711866643
39,F,166.2,1460.3,1283.2,-724.6,-17.391,12,Lightly Active,Good,11,148.8,-0.20703112481048147
49,M,143.1,1471.6,3310.3,771.8,9.261,6,Very Active,Poor,6,152.4,0.22050141245783275
48,F,203.1,1582.9,2020.8,-432.7,-6.058,7,Moderately Active,Fair,9,197.1,-0.12363395676024902
40,M,148.4,1540.4,2549.2,431.1,10.346,12,Lightly Active,Poor,4,158.7,0.12316204899163105
44,F,178.8,1492.4,1283.3,-507.6,-7.106,7,Sedentary,Good,10,171.7,-0.1450298212839032
51,M,196.0,1701.6,1970.3,-71.6,-0.716,5,Sedentary,Poor,8,195.3,-0.020464341656333544
31,M,186.9,1760.3,2890.1,469.7,11.273,12,Lightly Active,Fair,8,198.2,0.1341992561621824
41,M,179.4,1676.3,3076.1,477.9,6.69,7,Moderately Active,Fair,5,186.1,0.136531537641306
38,F,115.8,1236.7,1351.0,-133.0,-3.193,12,Sedentary,Excellent,3,112.6,-0.038012021804172035
34,M,97.1,1338.0,1200.0,-405.7,-5.679,7,Sedentary,Poor,5,91.4,-0.11590009832949694
39,M,190.1,1734.6,1284.3,-797.2,-15.945,10,Sedentary,Excellent,1,174.1,-0.2277854864547204
46,F,168.6,1436.5,1747.8,-730.1,-5.841,4,Very Active,Excellent,5,162.8,-0.20860599151472797
45,M,195.3,1728.4,1297.5,-776.5,-18.637,12,Sedentary,Excellent,8,176.7,-0.22186539205300973
48,F,187.1,1510.0,2567.9,-36.9,-0.813,11,Very Active,Poor,6,186.3,-0.010556253886195138
33,F,210.5,1691.2,2087.7,-533.7,-5.337,5,Moderately Active,Excellent,6,205.1,-0.15248603438475142
56,F,153.8,1319.3,1617.5,34.2,0.342,5,Sedentary,Fair,6,154.2,0.009783772950101592
52,F,124.6,1206.8,1200.0,-248.2,-2.482,5,Sedentary,Fair,11,122.1,-0.07090859626020198
28,M,127.2,1504.4,3125.2,793.3,6.346,4,Moderately Active,Poor,5,133.5,0.22664954917012348
26,F,136.6,1391.2,2781.6,381.8,7.637,10,Very Active,Fair,6,144.3,0.10909396462792223
27,F,195.2,1651.8,2017.2,-832.2,-14.979,9,Very Active,Excellent,6,180.2,-0.23776767753809977
34,F,160.2,1458.3,2212.6,-303.0,-6.06,10,Very Active,Excellent,5,154.2,-0.08657654384125804
46,F,174.3,1462.0,1265.4,-744.9,-13.407,9,Lightly Active,Good,8,160.9,-0.21281665423539667
26,M,173.3,1723.4,2811.9,140.6,1.687,6,Moderately Active,Good,5,174.9,0.04016672586760576
59,F,163.7,1349.0,1526.1,-800.8,-11.212,7,Very Active,Excellent,6,152.5,-0.2288140057488106
32,F,235.2,1808.3,3146.2,26.9,0.215,4,Very Active,Poor,7,235.4,0.007690587939748704
55,F,158.1,1343.4,1271.7,-340.4,-3.404,5,Sedentary,Good,4,154.7,-0.09726218698368023
53,M,136.1,1419.9,2143.6,-57.1,-0.8,7,Moderately Active,Excellent,5,135.3,-0.01632704468436311
58,M,162.3,1513.7,2921.4,840.1,15.121,9,Lightly Active,Poor,2,177.4,0.24002032985878655
30,M,176.1,1716.5,1964.9,-695.7,-8.348,6,Moderately Active,Fair,4,167.8,-0.19875810015074966
47,F,134.3,1275.7,1621.5,-132.5,-2.386,9,Lightly Active,Good,9,131.9,-0.037869770182173725
38,M,169.9,1648.2,2899.5,56.3,0.901,8,Very Active,Fair,6,170.8,0.01609583363884186
26,F,173.0,1556.3,2617.2,-67.4,-1.482,11,Very Active,Poor,12,171.5,-0.01924994853744686
41,F,154.2,1395.8,2646.7,483.3,11.599,12,Moderately Active,Excellent,3,165.8,0.138080879390629
32,M,127.4,1485.5,2911.6,349.2,5.587,8,Very Active,Good,4,133.0,0.0997669188147694
21,M,210.1,1915.5,2472.4,-831.8,-8.318,5,Very Active,Excellent,6,201.8,-0.23765757121352493
19,M,197.6,1868.9,2295.4,52.7,1.053,10,Sedentary,Good,7,198.7,0.015043027938429076
65,M,182.1,1568.7,2508.5,626.1,15.026,12,Sedentary,Poor,4,197.2,0.1788804555288203
58,F,131.7,1209.0,2519.6,434.0,6.944,8,Very Active,Good,7,138.7,0.12399542530703223
30,F,193.5,1629.2,2879.6,354.3,6.378,9,Moderately Active,Excellent,8,199.9,0.10123783272945691
49,M,203.4,1745.2,3133.1,122.6,1.471,6,Very Active,Good,2,204.9,0.03503314936318839
45,F,185.1,1515.9,1709.8,-639.8,-7.678,6,Moderately Active,Poor,10,177.4,-0.18280410078854883
55,M,164.0,1536.2,1355.4,-756.9,-10.596,7,Lightly Active,Excellent,1,153.4,-0.2162524076286922
44,M,212.2,1810.2,2814.7,325.7,4.56,7,Lightly Active,Fair,9,216.8,0.09305287557233949
57,F,150.0,1297.0,2583.1,572.8,4.582,4,Moderately Active,Excellent,6,154.6,0.16365316282198084
28,F,136.5,1380.6,1200.0,-698.3,-11.172,8,Lightly Active,Fair,3,125.3,-0.1995032518239302
38,F,158.2,1429.0,2992.2,527.1,5.271,5,Very Active,Fair,11,163.5,0.15060317435259912
38,F,139.1,1342.2,1969.6,-110.8,-2.217,10,Moderately Active,Fair,7,136.8,-0.03166865662474993
30,M,204.6,1845.6,3127.0,589.3,4.714,4,Lightly Active,Good,8,209.3,0.16836172966510732
35,M,193.4,1769.8,2397.0,-346.3,-5.54,8,Moderately Active,Good,5,187.9,-0.09892941012707082
46,M,126.2,1410.0,1915.0,-517.3,-5.173,5,Very Active,Good,8,121.1,-0.1478096475797299
37,M,197.6,1778.6,2844.9,88.1,1.938,11,Moderately Active,Poor,9,199.5,0.025172075299994243
43,F,194.4,1568.2,2034.0,-396.7,-7.935,10,Moderately Active,Excellent,6,186.5,-0.11335650169073584
32,F,160.8,1470.6,1892.8,-644.1,-7.729,6,Very Active,Good,11,153.0,-0.18402625908896028
61,M,196.6,1654.4,1844.0,-141.3,-1.695,6,Sedentary,Fair,5,194.9,-0.04035827427599088
32,M,143.7,1559.4,3233.2,543.3,4.346,4,Very Active,Fair,9,148.1,0.15522108282279648
20,F,175.7,1598.6,1254.4,-663.9,-14.606,11,Sedentary,Poor,7,161.1,-0.18969015393015634
49,M,236.4,1895.0,2722.4,-546.5,-6.558,6,Very Active,Good,5,229.9,-0.15613146032712977
59,M,162.6,1509.9,1364.7,-711.4,-15.65,11,Lightly Active,Excellent,8,146.9,-0.20324419950928593
22,M,173.4,1743.9,3387.6,379.3,3.035,4,Very Active,Good,2,176.4,0.10837940544984616
20,M,170.2,1739.5,2738.5,42.2,0.506,6,Moderately Active,Poor,10,170.7,0.012058402041280714
18,M,169.0,1744.0,2105.4,12.6,0.126,5,Sedentary,Excellent,6,169.1,0.0035919943054481597
27,F,187.0,1614.8,3344.2,841.2,20.189,12,Moderately Active,Excellent,6,207.2,0.24034024383784358
28,M,206.4,1863.6,3410.8,522.2,4.178,4,Moderately Active,Poor,9,210.6,0.1492075628997909
47,F,151.9,1355.6,2331.3,-7.2,-0.143,10,Very Active,Fair,7,151.8,-0.002043034528361464
63,F,94.9,1016.9,1673.0,452.7,6.338,7,Sedentary,Excellent,11,101.2,0.12934594768772117
38,M,152.9,1571.2,2786.7,626.2,10.02,8,Lightly Active,Good,2,163.0,0.1789253180478046
45,M,181.3,1664.7,2113.4,115.8,2.778,12,Sedentary,Excellent,7,184.0,0.03307685512058574
46,F,169.4,1439.7,2150.9,423.3,7.619,9,Sedentary,Poor,7,177.0,0.12092891934228803
18,F,177.7,1617.4,1668.3,-555.6,-8.89,8,Lightly Active,Fair,7,168.8,-0.15875512955645485
43,M,213.5,1820.9,3489.5,667.1,13.343,10,Moderately Active,Good,5,226.8,0.19060811605908254
18,M,202.2,1894.6,3571.2,634.5,7.614,6,Moderately Active,Fair,4,209.8,0.18129645860510352
36,M,131.2,1482.7,1814.3,-484.0,-8.712,9,Moderately Active,Poor,8,122.5,-0.13828338628707337
39,M,190.4,1736.3,3058.7,63.7,0.892,7,Very Active,Poor,9,191.3,0.018203754185851722
45,F,173.3,1462.7,1918.1,-605.0,-10.89,9,Very Active,Excellent,12,162.4,-0.17285889310567837
33,F,156.8,1447.9,3179.2,681.5,6.815,5,Very Active,Good,4,163.7,0.1947217060054506
37,M,212.3,1845.6,2834.9,-25.8,-0.258,5,Moderately Active,Fair,6,212.1,-0.0073854360511126545
60,M,157.0,1479.8,3218.2,665.4,13.308,10,Very Active,Poor,2,170.4,0.1901192333499304
55,M,190.8,1657.7,2318.4,39.0,0.468,6,Lightly Active,Poor,9,191.2,0.01113972157875391
37,M,214.5,1855.2,2065.3,-810.3,-19.448,12,Moderately Active,Fair,1,195.0,-0.23152588051159584
18,F,96.0,1247.1,1491.6,-659.7,-15.833,12,Very Active,Good,5,80.2,-0.18848827078156963
40,F,135.2,1314.6,2211.5,-56.1,-0.449,4,Very Active,Good,6,134.7,-0.016029714482804203
24,F,191.0,1647.9,2089.3,111.9,2.014,9,Sedentary,Poor,6,193.0,0.03196261474016202
30,F,138.5,1379.8,2749.3,610.6,6.106,5,Moderately Active,Excellent,3,144.6,0.17447017731245057
58,M,177.0,1580.2,2196.4,23.6,0.426,9,Lightly Active,Fair,8,177.4,0.006755870508303815
26,M,188.4,1792.0,1586.2,-877.8,-19.312,11,Lightly Active,Poor,4,169.1,-0.25080979533858616
40,M,199.5,1772.3,1582.5,-544.3,-5.443,5,Sedentary,Excellent,10,194.0,-0.15550879304694887
18,F,176.3,1611.1,2585.5,370.2,8.885,12,Lightly Active,Fair,10,185.2,0.10577297100374809
44,F,181.0,1502.6,2252.5,186.4,4.101,11,Lightly Active,Good,5,185.1,0.053263480643783494
51,F,148.3,1319.2,1797.5,-16.5,-0.362,11,Lightly Active,Excellent,3,147.9,-0.0047030366475286686
27,M,175.3,1727.7,2337.4,-340.5,-4.767,7,Moderately Active,Good,12,170.5,-0.09729501611335777
30,F,126.8,1326.8,2336.3,511.9,12.285,12,Lightly Active,Excellent,6,139.1,0.14624507408036191
23,M,206.8,1890.7,2243.9,-355.8,-6.405,9,Lightly Active,Excellent,8,200.4,-0.10165875945635863
61,M,139.3,1394.1,2917.0,512.1,8.194,8,Very Active,Good,1,147.4,0.14632078735134357
39,M,198.2,1771.7,3476.0,419.8,5.877,7,Very Active,Fair,7,204.1,0.11994283527331014
43,F,191.4,1554.8,1881.0,-801.0,-14.417,9,Very Active,Good,8,177.0,-0.22884693943989545
18,M,185.9,1820.7,1837.7,-347.1,-7.636,11,Sedentary,Excellent,8,178.3,-0.09916929816664814
45,M,174.6,1634.6,1910.0,-51.5,-0.927,9,Sedentary,Poor,4,173.7,-0.014720395956152255
34,M,164.6,1644.0,3151.2,890.6,21.375,12,Lightly Active,Fair,12,186.0,0.25446765988758074
43,M,148.1,1524.5,1716.9,-646.0,-5.168,4,Moderately Active,Poor,4,143.0,-0.18457117480241308
55,M,245.7,1906.8,2768.6,-187.0,-3.366,9,Moderately Active,Poor,8,242.3,-0.05342141176762315
50,M,172.8,1601.5,3134.8,372.2,8.933,12,Very Active,Poor,11,181.8,0.10634883092758211
20,M,166.2,1721.4,2171.7,-195.3,-2.734,7,Lightly Active,Poor,7,163.5,-0.055792002444520095
23,F,144.0,1439.8,1200.0,-527.7,-8.443,8,Sedentary,Good,1,135.6,-0.15077678258225685
44,F,191.6,1550.6,1549.2,-582.8,-10.491,9,Lightly Active,Fair,6,181.1,-0.1665163482408781
43,F,192.8,1561.0,3119.0,426.3,7.674,9,Very Active,Fair,8,200.5,0.12180556836182677
19,M,203.3,1894.7,2528.9,-407.9,-4.895,6,Moderately Active,Good,5,198.4,-0.11655243921034214
28,F,209.2,1710.6,2174.3,121.6,2.919,12,Sedentary,Poor,4,212.1,0.034752866400825304
59,M,208.6,1718.7,1884.0,-780.0,-9.36,6,Moderately Active,Poor,6,199.2,-0.22286356426879494
18,F,95.5,1244.5,1200.0,-293.4,-7.042,12,Sedentary,Fair,7,88.4,-0.08383322578953675
56,F,155.6,1327.1,1419.7,-637.3,-5.098,4,Moderately Active,Poor,8,150.5,-0.18208087749800766
24,F,192.8,1655.9,1811.1,-176.0,-2.816,8,Sedentary,Poor,10,190.0,-0.05028155683154097
21,M,168.0,1724.5,2570.2,500.8,9.014,9,Sedentary,Fair,5,177.0,0.14308397803106787
36,M,116.9,1417.8,2496.5,547.1,9.847,9,Lightly Active,Good,7,126.8,0.15630186939397558
37,M,156.9,1594.0,2663.5,-86.2,-1.551,9,Very Active,Poor,6,155.3,-0.02461614493377796
42,M,185.7,1699.6,2586.9,-47.6,-0.761,8,Moderately Active,Poor,9,184.9,-0.01359188589567475
61,F,150.8,1280.7,2265.5,56.2,1.012,9,Very Active,Poor,4,151.9,0.016066360309904926
25,F,111.0,1280.0,1812.5,-171.5,-2.058,6,Moderately Active,Fair,5,108.9,-0.04898924820839342
54,M,243.2,1900.7,2586.8,-691.8,-11.069,8,Very Active,Poor,10,232.1,-0.1976593881309326
40,F,165.7,1453.0,2110.2,112.4,2.023,9,Lightly Active,Poor,3,167.7,0.0321113185054971
43,M,133.3,1457.1,1446.0,-812.5,-9.75,6,Moderately Active,Good,4,123.5,-0.23215060194445647
40,M,222.7,1877.7,2662.2,80.3,0.803,5,Lightly Active,Good,7,223.5,0.02293679181996387
32,M,195.0,1792.1,3448.7,357.3,7.861,11,Very Active,Excellent,3,202.9,0.10209492325415664
24,M,175.3,1742.5,2100.6,9.6,0.096,5,Sedentary,Excellent,7,175.4,0.00274089043906445
44,F,142.2,1326.6,2174.7,350.6,7.012,10,Lightly Active,Fair,9,149.2,0.10016764571177023
35,M,195.7,1780.3,2600.5,-470.5,-5.646,6,Very Active,Good,4,190.1,-0.1344300480099581
27,F,124.5,1331.0,1597.9,-698.1,-12.566,9,Very Active,Poor,5,111.9,-0.19946556605208077
41,M,90.1,1271.1,1986.4,16.2,0.26,8,Moderately Active,Poor,3,90.3,0.004638189873403787
32,F,166.0,1494.3,2656.8,79.0,0.949,6,Very Active,Poor,3,166.9,0.0225854716465197
37,M,139.8,1516.4,3034.1,683.7,10.939,8,Moderately Active,Fair,8,150.7,0.19534769977899644
19,M,182.9,1802.0,3575.9,782.8,17.222,11,Moderately Active,Fair,6,200.1,0.22366418849939199
27,F,177.8,1573.1,2556.4,393.4,3.147,4,Lightly Active,Excellent,10,181.0,0.11240872098323221
57,F,117.9,1151.2,2567.3,581.5,4.652,4,Very Active,Poor,10,122.5,0.166148220898976
47,M,203.8,1756.7,1963.4,-759.5,-12.152,8,Moderately Active,Good,3,191.6,-0.21700614916056643
55,M,131.6,1389.5,2080.6,413.1,9.915,12,Sedentary,Poor,5,141.5,0.11804073931285633
18,M,205.6,1910.2,2231.9,-729.0,-14.579,10,Moderately Active,Poor,4,191.1,-0.2082750827973883
28,M,204.1,1853.4,2643.8,-553.3,-7.747,7,Very Active,Fair,1,196.4,-0.158098179900633
20,M,220.2,1966.1,3322.6,619.2,9.907,8,Lightly Active,Poor,4,230.1,0.17690473131896162
49,M,111.0,1326.0,2160.3,-127.0,-2.033,8,Very Active,Excellent,8,109.0,-0.03629632239969799
18,M,172.5,1759.8,3191.0,463.3,10.192,11,Moderately Active,Good,6,182.7,0.13236585093456416
27,F,193.6,1644.6,1931.5,-329.8,-7.915,12,Lightly Active,Excellent,2,185.7,-0.09422264095253116
48,M,255.0,1984.4,3335.9,-87.2,-1.046,6,Very Active,Poor,5,254.0,-0.02490119570562235
29,M,217.2,1907.9,1899.1,-390.4,-8.589,11,Sedentary,Good,3,208.7,-0.1115457760624266
23,M,168.6,1717.5,3133.0,771.4,16.972,11,Lightly Active,Fair,6,185.6,0.22041005807194844
23,M,171.6,1730.8,2495.5,-187.3,-1.873,5,Moderately Active,Good,5,169.7,-0.053515757552003246
35,M,166.1,1645.7,1439.4,-535.5,-12.851,12,Sedentary,Poor,1,153.2,-0.15298659001680529
21,F,149.0,1472.3,1734.8,-804.9,-16.098,10,Very Active,Excellent,3,132.9,-0.22997816364690166
33,M,104.2,1375.1,1736.0,85.9,1.717,10,Sedentary,Poor,4,105.9,0.0245351452903768
37,M,201.1,1794.5,2908.9,-186.6,-4.105,11,Very Active,Excellent,2,197.0,-0.05331310953482574
34,F,126.2,1304.0,2958.2,708.9,11.342,8,Very Active,Fair,8,137.6,0.20253296915277483
57,F,173.6,1403.9,2747.0,325.3,7.807,12,Very Active,Excellent,9,181.4,0.09294615695909669
53,F,191.2,1503.8,2547.0,479.3,8.627,9,Lightly Active,Excellent,9,199.8,0.1369393857871511
41,M,209.8,1814.2,3023.9,-105.6,-2.112,10,Very Active,Fair,5,207.7,-0.030175332824750514
41,M,148.4,1535.4,1376.9,-465.7,-4.657,5,Sedentary,Poor,10,143.7,-0.13304572180087676
26,F,170.6,1545.5,2340.8,-325.2,-7.154,11,Very Active,Good,3,163.5,-0.09291314897504487
29,M,148.7,1596.9,2095.2,-100.5,-2.211,11,Lightly Active,Excellent,7,146.5,-0.02871745641086909
25,M,200.0,1849.6,2742.0,198.8,1.59,4,Lightly Active,Excellent,10,201.6,0.05679692605526114
32,M,181.1,1729.0,3098.2,720.8,7.208,5,Lightly Active,Good,10,188.3,0.20594196686108626
46,M,144.8,1494.3,1427.2,-889.0,-16.002,9,Moderately Active,Poor,4,128.8,-0.25400155045094286
27,F,113.4,1280.7,1682.6,-526.7,-6.32,6,Very Active,Fair,6,107.1,-0.1504746748185594
41,F,229.9,1739.1,2649.4,562.5,9.0,8,Sedentary,Poor,3,238.9,0.16071428642829583
23,F,204.0,1711.7,3578.8,626.2,11.271,9,Very Active,Poor,11,215.2,0.17890637901978582
45,M,223.5,1856.5,2592.1,39.5,0.947,12,Lightly Active,Good,10,224.5,0.011277707912644343
54,F,177.4,1436.2,2293.1,569.6,9.114,8,Sedentary,Fair,7,186.5,0.16275157710782878
27,M,209.0,1880.7,2232.3,-682.8,-13.656,10,Moderately Active,Good,4,195.4,-0.19509018213317786
53,M,158.5,1521.3,2344.0,518.4,7.258,7,Sedentary,Fair,6,165.7,0.14812717664584507
18,F,163.7,1553.8,2488.0,623.4,12.467,10,Sedentary,Good,8,176.1,0.1781068322731551
40,F,166.2,1455.4,2117.5,-138.3,-2.214,8,Moderately Active,Fair,3,164.0,-0.03952782697929719
33,M,204.4,1829.5,3202.0,366.3,8.791,12,Moderately Active,Excellent,4,213.2,0.10465099440675502
45,F,155.0,1379.7,1507.6,-148.1,-1.185,4,Sedentary,Good,7,153.8,-0.04231151242031475
46,F,158.0,1388.0,2024.8,359.3,7.185,10,Sedentary,Poor,6,165.1,0.10264347199689129
57,M,177.6,1588.2,1751.3,-432.4,-4.324,5,Lightly Active,Excellent,8,173.3,-0.12355247728222646
54,M,194.4,1679.3,3753.8,857.0,8.57,5,Very Active,Poor,6,203.0,0.24486920904657758
49,F,199.2,1560.1,2618.2,746.1,14.922,10,Sedentary,Fair,4,214.1,0.21316756129892026
18,F,179.7,1626.6,1858.2,-93.7,-0.749,4,Sedentary,Excellent,3,178.9,-0.026763927486095393
48,M,147.4,1496.3,1627.8,-429.5,-10.309,12,Lightly Active,Excellent,5,137.1,-0.12272572512360992
20,F,124.1,1364.5,1650.1,12.7,0.177,7,Sedentary,Good,10,124.3,0.0036184058745683226
59,F,107.0,1091.8,2751.9,868.5,20.844,12,Very Active,Poor,6,127.8,0.24814343049555743
26,M,164.2,1682.4,2049.5,30.6,0.674,11,Sedentary,Poor,10,164.9,0.008750132456816443
29,F,196.6,1648.4,1569.8,-408.2,-8.165,10,Sedentary,Fair,3,188.5,-0.11663940661715456
22,F,186.0,1635.0,3480.4,659.9,11.879,9,Very Active,Fair,8,197.9,0.18855698250405983
27,M,214.3,1904.7,2583.9,-35.1,-0.701,10,Lightly Active,Fair,9,213.6,-0.010017909523261941
49,F,193.5,1534.3,3075.0,428.4,10.281,12,Very Active,Fair,5,203.8,0.1223876804646378
54,M,167.1,1555.3,2117.5,-21.0,-0.42,10,Lightly Active,Excellent,2,166.6,-0.006000024114485833
39,M,208.7,1819.2,2221.4,38.3,0.919,12,Sedentary,Good,9,209.6,0.01094432304271842
23,F,108.1,1277.0,1200.0,-555.8,-7.781,7,Lightly Active,Fair,2,100.3,-0.1588041793493807
25,M,176.3,1742.0,2267.7,177.3,2.837,8,Sedentary,Good,11,179.1,0.0506683321422501
54,M,230.2,1841.6,1696.5,-513.4,-6.161,6,Sedentary,Fair,7,224.0,-0.1466838434203698
18,F,200.2,1719.8,2264.7,-100.1,-1.601,8,Lightly Active,Fair,5,198.6,-0.028587782184571812
46,M,209.6,1788.0,2787.0,641.4,8.98,7,Sedentary,Excellent,9,218.5,0.18326827490059194
37,F,151.1,1401.7,1796.4,-130.8,-1.308,5,Lightly Active,Fair,1,149.7,-0.03738257247356316
58,F,149.5,1289.5,1577.9,30.5,0.305,5,Sedentary,Excellent,8,149.8,0.008718136703581552
33,F,196.2,1626.4,3026.6,790.3,15.806,10,Lightly Active,Excellent,9,212.0,0.22579572000797868
40,M,176.2,1666.7,3014.8,139.8,1.118,4,Very Active,Poor,10,177.3,0.03994036197858337
36,M,176.0,1685.7,1698.1,-324.7,-7.793,12,Sedentary,Good,1,168.2,-0.0927741003708965
43,M,196.5,1743.9,2830.4,432.5,3.46,4,Lightly Active,Poor,6,200.0,0.12356522996919167
38,F,206.7,1649.0,2586.0,30.1,0.301,5,Moderately Active,Good,5,207.0,0.00860055472572302
27,M,196.8,1825.4,2292.7,-536.6,-6.439,6,Moderately Active,Fair,4,190.4,-0.15331241209338273
36,M,210.6,1842.9,2958.7,747.2,17.933,12,Sedentary,Poor,9,228.6,0.21348257794888248
49,F,183.5,1489.0,1446.3,-601.1,-7.213,6,Lightly Active,Good,10,176.3,-0.1717411055324219
55,F,168.1,1388.8,2745.4,592.7,8.298,7,Moderately Active,Good,4,176.4,0.1693476171093142
23,M,190.2,1815.3,2365.3,-766.1,-13.789,9,Very Active,Excellent,9,176.4,-0.2188751826500029
43,F,202.3,1604.3,1894.6,-30.6,-0.551,9,Sedentary,Good,9,201.8,-0.008738216872498275
40,F,179.9,1517.4,2779.6,693.2,11.092,8,Lightly Active,Good,10,191.0,0.1980702613390431
57,M,212.2,1745.2,3293.8,894.1,19.67,11,Lightly Active,Good,2,231.9,0.25545585981794255
47,F,187.4,1516.5,1559.7,-790.9,-11.073,7,Moderately Active,Fair,7,176.3,-0.2259723291654539
44,M,187.7,1699.0,3071.9,141.1,1.411,5,Very Active,Excellent,3,189.1,0.04031590230619427
34,F,143.0,1380.3,2551.6,170.7,2.731,8,Very Active,Excellent,9,145.8,0.04876910801246933
35,M,192.5,1765.8,2272.5,-155.5,-3.421,11,Lightly Active,Poor,2,189.1,-0.04442537230668911
38,F,119.0,1251.5,2245.8,744.0,10.416,7,Sedentary,Good,8,129.5,0.21257365457245975
37,M,158.3,1600.8,2874.9,673.8,8.086,6,Lightly Active,Excellent,8,166.4,0.19252148448985423
43,F,172.7,1469.8,2976.3,698.1,5.585,4,Moderately Active,Fair,5,178.3,0.19946200148565316
47,F,119.1,1206.8,1661.3,-420.4,-6.727,8,Very Active,Excellent,5,112.4,-0.1201193240572578
33,M,156.4,1611.7,2803.2,305.0,6.1,10,Moderately Active,Fair,11,162.5,0.08714300147115903
21,M,208.0,1906.0,2428.4,-192.4,-3.847,10,Lightly Active,Good,5,204.2,-0.054962477264663516
48,F,126.3,1234.5,2639.3,725.8,13.065,9,Moderately Active,Poor,3,139.4,0.2073752225717524
28,M,151.8,1615.9,1338.7,-600.4,-13.209,11,Sedentary,Excellent,11,138.6,-0.1715401410632364
41,F,224.6,1715.2,1440.6,-617.6,-11.118,9,Sedentary,Poor,5,213.5,-0.17647120523230628
26,M,146.6,1602.7,2291.5,-192.7,-3.468,9,Moderately Active,Fair,4,143.2,-0.05504317424401221
44,M,183.3,1678.8,1421.4,-886.9,-21.287,12,Lightly Active,Fair,8,162.0,-0.25341330295620795
33,F,163.7,1479.2,2602.3,827.2,6.618,4,Sedentary,Fair,3,170.4,0.23634467557562747
42,M,169.9,1628.1,1970.2,-838.3,-10.06,6,Very Active,Excellent,6,159.8,-0.2395157682804294
57,M,237.0,1857.4,3585.7,706.8,9.895,7,Moderately Active,Poor,9,246.9,0.20194198226815688
22,M,184.8,1795.9,3653.9,555.9,8.894,8,Very Active,Fair,10,193.7,0.15882257091641908
36,M,184.9,1726.3,3099.7,424.1,5.089,6,Moderately Active,Good,4,190.0,0.12115838994188731
61,M,161.0,1492.6,1851.7,-723.1,-17.354,12,Very Active,Good,8,143.6,-0.2065948093345887
46,M,161.2,1568.5,2621.5,190.3,2.284,6,Moderately Active,Good,8,163.4,0.05437450389355425
53,M,234.3,1865.2,1944.9,-619.8,-6.198,5,Lightly Active,Good,5,228.1,-0.17707912234144754
54,M,154.2,1496.7,1916.2,-141.8,-1.134,4,Lightly Active,Fair,6,153.0,-0.04051167647576371
35,M,157.0,1604.6,2408.5,-78.7,-1.259,8,Moderately Active,Good,6,155.7,-0.022474502288439908
34,F,168.7,1496.9,2171.3,-410.8,-6.574,8,Very Active,Good,3,162.2,-0.11738511369849727
18,F,166.8,1568.0,2389.1,-315.7,-3.157,5,Very Active,Poor,5,163.6,-0.09018591305093429
60,M,189.2,1625.7,3467.2,662.8,11.931,9,Very Active,Good,6,201.1,0.18937915878904316
31,M,161.7,1646.1,2934.0,382.5,5.355,7,Moderately Active,Good,3,167.1,0.10928789525856246
23,M,213.7,1921.8,3187.4,881.3,14.101,8,Sedentary,Poor,9,227.8,0.2517968710171507
61,F,154.3,1296.3,2431.4,195.3,2.734,7,Very Active,Excellent,9,157.0,0.05579924771005218
60,F,104.3,1074.5,2047.8,194.3,4.274,11,Very Active,Fair,2,108.6,0.05550030166701351
56,M,217.9,1776.0,2723.9,-29.0,-0.232,4,Moderately Active,Poor,3,217.7,-0.008279350480976453
40,F,130.6,1293.8,2642.4,863.5,20.724,12,Lightly Active,Excellent,5,151.3,0.24670956570225255
39,F,114.2,1224.3,2265.3,796.2,6.37,4,Sedentary,Good,6,120.5,0.2274874459987457
18,F,158.1,1528.7,2185.3,-184.3,-3.686,10,Moderately Active,Excellent,4,154.4,-0.05265695745800141
36,M,140.6,1525.3,2092.2,-538.8,-8.621,8,Very Active,Fair,4,132.0,-0.15394969567792446
56,F,170.0,1392.7,1682.0,-476.7,-3.813,4,Moderately Active,Good,7,166.2,-0.1361862386292231
55,M,157.6,1507.2,2316.9,-19.3,-0.464,12,Moderately Active,Excellent,5,157.1,-0.005520218533753645
30,F,185.8,1594.4,2925.4,175.1,4.203,12,Very Active,Good,9,190.0,0.050039138022770206
51,M,204.6,1740.6,3268.5,570.5,6.846,6,Moderately Active,Poor,3,211.5,0.1630090036880699
45,M,203.2,1764.2,2879.2,-163.9,-2.951,9,Very Active,Good,4,200.2,-0.04683661013834626
45,M,183.9,1676.8,1288.4,-723.7,-13.027,9,Sedentary,Excellent,10,170.9,-0.206781721689103
23,F,195.9,1675.0,2786.3,190.1,2.281,6,Moderately Active,Poor,9,198.2,0.05430759149931704
22,M,219.2,1951.7,2622.6,-402.5,-7.246,9,Moderately Active,Good,5,211.9,-0.11500885390245848
47,M,229.6,1873.9,3104.1,-128.5,-1.028,4,Very Active,Poor,7,228.6,-0.03670094118019785
43,F,208.5,1632.4,1483.4,-761.2,-16.746,11,Lightly Active,Fair,8,191.8,-0.21747950097616156
50,M,230.2,1861.7,2832.5,-378.9,-5.305,7,Very Active,Excellent,5,224.9,-0.10826931973921468
